angle_deg,distance_m
0,1
1,2.1
2,2.51121
3,1.9173
4,2.06553
5,1.43792
6,1.09409
7,2.35773
8,2.35859
9,2.86939
10,1.767
11,2.03883
12,2.66193
13,1.06914
14,1.10692
15,2.0594
16,2.3423
17,1.0154
18,1.76683
19,1.13368
20,1.83497
21,2.37355
22,2.17795
23,2.86087
24,2.69233
25,2.05386
26,1.18393
27,2.30784
28,1.832
29,2.40238
30,2.82064
31,2.5244
32,1.52491
33,1.09493
34,2.47216
35,1.65647
36,2.26528
37,2.51282
38,2.98207
39,1.73068
40,1.49408
41,2.9651
42,2.44532
43,2.50671
44,2.30304
45,1.14537
46,2.26327
47,2.76941
48,1.54542
49,1.87282
50,2.53299
51,1.95546
52,1.47555
53,1.54981
54,1.71853
55,1.33301
56,1.97303
57,2.79531
58,2.81842
59,1.12113
60,2.80931
61,2.00905
62,2.03258
63,1.63807
64,2.97328
65,1.98795
66,1.53229
67,1.18147
68,2.89553
69,1.1475
70,2.00141
71,1.76828
72,1.55416
73,2.82763
74,2.05949
75,1.92889
76,2.88196
77,1.10017
78,2.52303
79,2.54041
80,2.65563
81,1.25073
82,1.03174
83,2.37691
84,2.73649
85,2.25909
86,2.47245
87,2.45082
88,2.99892
89,2.77714
90,1.46639
91,1.61264
92,1.70203
93,2.02655
94,2.18223
95,2.69196
96,1.82416
97,2.68302
98,1.53863
99,1.83079
100,2.07461
101,1.93583
102,1.57442
103,1.35666
104,1.30744
105,2.14331
106,2.60481
107,1.06611
108,2.0689
109,1.99696
110,2.91072
111,2.49659
112,2.10917
113,2.78148
114,2.2497
115,2.68408
116,1.31954
117,1.4255
118,2.42942
119,1.26085
120,1.18198
121,1.54918
122,1.006
123,1.82859
124,1.05375
125,2.41964
126,2.87579
127,1.47982
128,1.36179
129,1.63508
130,2.77398
131,2.30412
132,1.30067
133,2.36269
134,1.77163
135,1.77545
136,1.99948
137,1.29507
138,2.17437
139,2.69115
140,2.18022
141,2.91082
142,2.11229
143,1.2963
144,2.96661
145,1.81753
146,1.28364
147,2.1298
148,1.50425
149,1.97703
150,1.92806
151,2.92219
152,1.25206
153,1.39951
154,1.6385
155,2.25854
156,1.25342
157,2.30251
158,2.24327
159,2.60615
160,1.49568
161,1.95286
162,1.77863
163,1.4065
164,1.05675
165,2.80335
166,1.85299
167,1.28404
168,2.89497
169,1.82063
170,1.26238
171,2.7713
172,1.18435
173,1.3244
174,1.14213
175,1.73068
176,1.50611
177,1.27022
178,2.56631
179,1.91061
180,1.69905
181,1.9046
182,2.61789
183,2.86335
184,2.30329
185,1.4305
186,2.35918
187,2.81784
188,1.50025
189,2.72172
190,1.94252
191,2.01191
192,2.20079
193,2.63512
194,2.51169
195,1.92449
196,2.90273
197,2.26548
198,1.87866
199,2.64939
200,2.37796
201,2.40441
202,2.97429
203,2.90883
204,2.70254
205,1.57863
206,2.07485
207,2.02887
208,1.20687
209,1.82806
210,2.15343
211,2.75313
212,1.88008
213,2.4595
214,2.73853
215,2.43128
216,2.60144
217,2.41307
218,2.48343
219,1.03818
220,2.77206
221,2.04997
222,1.92665
223,1.13039
224,2.42684
225,1.97789
226,2.33536
227,2.3641
228,1.39911
229,2.83327
230,2.73177
231,2.78004
232,2.0879
233,1.27839
234,1.90069
235,2.97872
236,1.43106
237,1.89205
238,1.63146
239,2.02932
240,2.76301
241,1.87945
242,1.93506
243,2.6133
244,1.73032
245,1.42304
246,2.99823
247,1.30721
248,2.26098
249,2.2327
250,1.00119
251,1.00176
252,2.5467
253,2.45467
254,1.63836
255,1.83545
256,2.36499
257,2.36112
258,1.41052
259,2.67284
260,2.41784
261,2.65742
262,1.1891
263,1.16348
264,2.52801
265,2.25914
266,1.4277
267,1.42709
268,1.16212
269,1.77765
270,2.90432
271,2.89509
272,1.77971
273,1.53843
274,2.38434
275,1.56807
276,2.55373
277,2.56773
278,1.84492
279,1.56431
280,1.38793
281,1.02263
282,1.38365
283,2.96647
284,1.48811
285,2.63945
286,1.27291
287,1.79629
288,2.20202
289,1.35376
290,2.65671
291,1.31546
292,2.97587
293,1.51434
294,1.4672
295,1.20327
296,1.43882
297,2.26943
298,2.39201
299,2.58954
300,2.39249
301,2.50588
302,2.33904
303,2.26686
304,1.11288
305,2.19643
306,1.45402
307,1.63756
308,2.39967
309,1.23487
310,2.52514
311,2.05225
312,2.10782
313,2.17598
314,1.65933
315,2.40598
316,1.28609
317,1.32338
318,1.97065
319,2.72045
320,2.62653
321,2.11367
322,2.47799
323,1.63201
324,1.27066
325,2.0571
326,1.62148
327,2.17624
328,2.03617
329,1.8617
330,1.51769
331,1.74045
332,1.78604
333,1.89373
334,1.95179
335,1.77566
336,1.55859
337,1.15653
338,1.73948
339,1.50784
340,2.34357
341,2.35247
342,2.02787
343,2.45722
344,2.44154
345,2.88951
346,1.92139
347,2.88033
348,1.64312
349,1.92087
350,2.03429
351,2.32271
352,1.80367
353,2.21128
354,2.97301
355,1.30079
356,2.3402
357,1.68764
358,2.08342
359,2.04562
0,2.65848
1,1.0299
2,1.54842
3,2.28596
4,2.09227
5,2.8357
6,1.53323
7,2.94017
8,1.49347
9,2.68795
10,2.38805
11,1.9115
12,2.6342
13,1.04417
14,1.3215
15,2.4139
16,2.41565
17,1.87328
18,2.16484
19,2.50342
20,2.98307
21,2.39136
22,1.55902
23,2.50773
24,1.34236
25,1.00851
26,1.99138
27,1.15983
28,1.32616
29,2.8066
30,2.56598
31,2.49336
32,1.87285
33,1.01268
34,2.16957
35,2.03696
36,1.1337
37,2.08805
38,1.77946
39,1.43165
40,1.77154
41,2.25372
42,2.31811
43,2.41864
44,2.07732
45,1.56058
46,2.63186
47,1.74382
48,2.3722
49,1.62034
50,1.01869
51,1.20759
52,2.04192
53,2.55176
54,1.44137
55,1.11056
56,1.14127
57,1.32055
58,2.44753
59,1.59404
60,1.10121
61,1.95561
62,1.91432
63,2.03998
64,1.89298
65,1.30062
66,1.57188
67,2.66736
68,2.39127
69,2.15555
70,2.36233
71,1.66235
72,1.11495
73,2.97377
74,2.08479
75,1.00331
76,2.71239
77,1.05871
78,1.7551
79,1.9793
80,2.15235
81,2.47792
82,2.35866
83,2.07253
84,1.07118
85,1.24501
86,2.94671
87,1.37655
88,1.70264
89,2.22825
90,2.21522
91,1.25187
92,2.10572
93,2.90806
94,1.71385
95,2.6762
96,2.9485
97,1.51803
98,1.50306
99,1.84867
100,2.6261
101,2.79583
102,1.48917
103,2.52123
104,2.38971
105,1.9037
106,1.52724
107,2.33101
108,1.23314
109,1.41912
110,1.22735
111,2.09395
112,1.01216
113,1.35195
114,2.19872
115,1.86382
116,1.16501
117,2.37483
118,1.75062
119,2.67241
120,1.24727
121,2.94669
122,1.05927
123,1.16071
124,1.98849
125,2.53887
126,2.86806
127,1.50031
128,1.71932
129,2.53823
130,1.99991
131,2.4985
132,2.34381
133,2.36333
134,2.51354
135,1.07274
136,1.46114
137,1.44333
138,2.1252
139,2.30524
140,2.23322
141,1.74293
142,1.4496
143,1.46738
144,2.30602
145,1.33186
146,2.48821
147,1.31952
148,1.09528
149,2.32399
150,1.24989
151,2.89831
152,1.96836
153,2.24209
154,2.82805
155,1.03589
156,2.18709
157,2.44374
158,1.99316
159,1.10739
160,1.88327
161,2.03835
162,2.54389
163,1.13071
164,1.88558
165,2.95436
166,1.93548
167,1.65811
168,1.89186
169,2.48655
170,1.41068
171,1.34276
172,1.74504
173,2.87945
174,2.9297
175,1.50991
176,1.14067
177,1.2477
178,2.05268
179,1.32017
180,2.03541
181,1.21037
182,2.68315
183,1.73712
184,1.84778
185,1.65446
186,2.42709
187,2.15355
188,2.74377
189,2.51649
190,2.6732
191,2.39958
192,1.77812
193,2.87048
194,2.21121
195,1.72417
196,2.07901
197,1.91014
198,1.80338
199,1.48088
200,1.16617
201,1.84316
202,1.94476
203,1.57953
204,1.20994
205,1.43277
206,2.60404
207,2.05488
208,2.33764
209,2.72729
210,1.4875
211,2.42313
212,1.52733
213,1.76564
214,1.16201
215,1.91953
216,1.46573
217,2.59071
218,1.98269
219,1.00646
220,1.53224
221,2.32938
222,1.85038
223,1.37365
224,2.92695
225,1.26808
226,2.59171
227,2.89209
228,1.34231
229,2.212
230,1.12761
231,1.69498
232,1.58494
233,2.01932
234,2.65167
235,2.66868
236,2.45289
237,1.65887
238,2.60417
239,2.26353
240,1.09068
241,1.08284
242,1.30663
243,2.53413
244,1.12346
245,2.03861
246,2.8583
247,1.44103
248,1.40913
249,1.17799
250,2.39938
251,2.41292
252,1.98926
253,1.52356
254,2.42314
255,1.75673
256,1.40129
257,1.46522
258,1.87219
259,1.939
260,2.72237
261,2.95448
262,1.88904
263,1.06849
264,2.04754
265,1.06328
266,2.50635
267,2.18318
268,2.64578
269,1.65916
270,1.46416
271,2.07306
272,1.86124
273,1.80716
274,2.97465
275,2.93382
276,2.70106
277,2.73503
278,1.62321
279,1.29678
280,2.9952
281,2.27905
282,1.93615
283,2.86383
284,2.38155
285,2.63081
286,2.08307
287,2.14561
288,1.31843
289,2.8905
290,2.64267
291,1.31083
292,1.08215
293,1.68723
294,1.22004
295,1.19308
296,2.03755
297,1.04481
298,2.12297
299,2.71375
300,2.03382
301,2.34905
302,2.47435
303,2.39692
304,1.0456
305,1.38397
306,2.34198
307,1.69174
308,1.13258
309,1.28142
310,2.84224
311,1.44331
312,1.76023
313,2.17203
314,1.33463
315,1.05268
316,2.38225
317,2.52469
318,2.42739
319,1.15465
320,2.17962
321,2.85101
322,2.8594
323,1.86089
324,2.01194
325,2.66251
326,2.83847
327,2.20328
328,2.44767
329,2.03867
330,1.98163
331,1.32284
332,2.95223
333,2.14872
334,1.5465
335,2.06285
336,2.39712
337,2.3341
338,1.19487
339,2.09747
340,2.22148
341,2.33593
342,1.99025
343,2.14317
344,2.17778
345,1.88263
346,1.30243
347,2.00455
348,2.46273
349,1.06331
350,1.10323
351,2.04413
352,1.64128
353,1.07012
354,1.49028
355,1.21436
356,1.76594
357,2.10366
358,2.19434
359,2.22222
0,2.8705
1,2.54406
2,2.0263
3,1.97336
4,2.30026
5,2.39399
6,1.81508
7,1.9737
8,1.95957
9,2.4209
10,2.0684
11,1.55329
12,2.21108
13,1.56021
14,2.40674
15,2.06098
16,2.87651
17,1.47081
18,1.82699
19,2.19495
20,2.566
21,2.8405
22,2.36298
23,2.64235
24,2.05483
25,1.46054
26,1.28737
27,2.79904
28,1.50284
29,2.30303
30,1.00963
31,2.87187
32,1.55071
33,2.71753
34,1.55786
35,2.90486
36,2.01364
37,1.2459
38,1.83295
39,2.40494
40,1.87298
41,1.21548
42,2.53235
43,1.19973
44,1.88253
45,1.68915
46,1.59413
47,2.51524
48,1.67702
49,1.66152
50,1.11121
51,2.14637
52,1.97057
53,1.40496
54,1.22895
55,2.9487
56,2.72922
57,1.98368
58,1.73479
59,2.60982
60,1.32441
61,1.31916
62,1.11545
63,1.2985
64,1.9362
65,1.76122
66,2.76741
67,1.84827
68,1.8245
69,2.30259
70,1.61665
71,1.12028
72,2.62883
73,2.79531
74,2.83898
75,2.80244
76,2.54009
77,1.34159
78,2.14488
79,1.06281
80,2.60654
81,2.04443
82,2.72324
83,1.5544
84,2.73899
85,2.17372
86,1.77834
87,2.62379
88,2.05134
89,2.87974
90,1.84008
91,2.15973
92,2.49829
93,2.76157
94,1.67617
95,1.3791
96,2.48625
97,2.43784
98,2.75832
99,1.14574
100,2.42023
101,2.75812
102,1.71876
103,1.17971
104,1.32206
105,1.83359
106,1.19286
107,2.34939
108,2.12522
109,2.62609
110,2.75638
111,2.53872
112,2.27041
113,2.79305
114,2.75683
115,1.97294
116,1.22614
117,1.75497
118,1.76524
119,2.37516
120,1.24348
121,1.15364
122,1.2866
123,1.95528
124,2.41718
125,1.47604
126,1.78193
127,2.95176
128,2.25753
129,2.3624
130,2.81738
131,1.7248
132,2.71843
133,2.58856
134,1.85775
135,1.14702
136,1.99726
137,1.96775
138,1.90147
139,1.99931
140,2.48152
141,2.86569
142,1.60024
143,1.29239
144,1.22004
145,1.16064
146,2.94495
147,1.81635
148,1.47682
149,2.92632
150,2.66695
151,1.39616
152,1.25896
153,1.39261
154,1.67824
155,2.15136
156,1.88054
157,2.17135
158,1.86575
159,1.73641
160,1.76463
161,2.20027
162,1.85895
163,1.29757
164,2.34039
165,2.9908
166,2.39613
167,1.80548
168,2.69856
169,2.63905
170,2.58676
171,1.7485
172,1.01922
173,1.95956
174,2.27812
175,2.29299
176,2.2898
177,2.59807
178,1.75473
179,1.71534
180,1.779
181,1.66861
182,2.38718
183,1.28979
184,1.58305
185,2.33371
186,2.70873
187,1.6294
188,1.28828
189,2.2045
190,1.01118
191,2.84166
192,1.76391
193,2.03306
194,1.68891
195,1.52827
196,1.582
197,2.6673
198,1.24878
199,2.26924
200,1.09739
201,1.91609
202,1.75363
203,1.31175
204,2.51171
205,2.33195
206,1.02306
207,2.58976
208,2.12183
209,1.57731
210,1.83112
211,1.64122
212,2.02918
213,2.43831
214,2.68409
215,1.46379
216,1.93001
217,1.74672
218,1.10009
219,1.1477
220,1.4049
221,2.13237
222,2.66305
223,1.8451
224,2.6791
225,1.58609
226,1.36239
227,1.71505
228,2.86822
229,2.17884
230,1.73808
231,1.92612
232,2.25566
233,2.8889
234,1.81157
235,1.10096
236,1.8897
237,2.19185
238,2.49662
239,2.72834
240,1.26205
241,1.20916
242,2.33062
243,2.66676
244,2.16257
245,2.31719
246,2.96406
247,1.03783
248,2.84295
249,1.38936
250,2.93545
251,2.04614
252,1.55759
253,2.43959
254,2.18092
255,2.67416
256,2.66938
257,2.31978
258,2.4609
259,2.28605
260,1.69906
261,2.06975
262,2.32829
263,1.64686
264,2.73838
265,1.88474
266,2.83593
267,1.55334
268,2.90351
269,1.23448
270,1.83201
271,2.67275
272,2.92507
273,1.66586
274,2.05236
275,2.07191
276,2.63621
277,2.85978
278,2.32579
279,1.48646
280,2.88286
281,2.19345
282,1.25207
283,1.49395
284,2.77345
285,1.39236
286,1.32592
287,2.67199
288,2.20481
289,2.24649
290,2.67736
291,2.3433
292,1.78311
293,2.74257
294,2.3347
295,1.23121
296,1.00008
297,2.35213
298,2.25751
299,1.90909
300,2.14869
301,1.06454
302,1.70279
303,2.71017
304,1.74167
305,2.32285
306,2.15286
307,1.11992
308,2.48894
309,1.55899
310,1.88525
311,1.35284
312,1.1836
313,2.79449
314,2.98484
315,2.18832
316,1.06601
317,2.38186
318,1.97442
319,2.13868
320,2.79145
321,1.86901
322,2.37719
323,1.40632
324,1.96344
325,1.54489
326,2.89424
327,1.4886
328,2.90652
329,1.9539
330,1.25418
331,2.92287
332,2.71431
333,1.43482
334,1.01402
335,2.56495
336,1.10079
337,2.92011
338,2.28275
339,2.1468
340,1.27419
341,1.25809
342,2.64925
343,2.00371
344,2.31178
345,2.01012
346,2.05291
347,1.23679
348,2.80611
349,2.33781
350,1.55517
351,1.77341
352,1.78299
353,2.66219
354,1.486
355,1.24689
356,2.45661
357,2.29615
358,1.40243
359,2.69739
0,1.04511
1,1.21112
2,1.37596
3,1.72193
4,2.55932
5,2.43841
6,2.33273
7,2.16194
8,1.70235
9,1.31431
10,1.58418
11,1.33822
12,1.44739
13,2.3427
14,1.80953
15,2.77302
16,2.15872
17,1.6837
18,1.87448
19,2.39928
20,2.66857
21,2.58396
22,2.69814
23,1.56444
24,1.52932
25,1.33992
26,2.06706
27,1.14637
28,2.99747
29,2.50034
30,1.24444
31,1.3292
32,1.85021
33,2.5464
34,1.42714
35,1.86786
36,1.06615
37,2.85864
38,1.21209
39,1.53257
40,1.9641
41,2.58556
42,1.51505
43,1.42783
44,1.56493
45,1.76126
46,1.41625
47,2.85706
48,2.52813
49,2.23313
50,2.15171
51,1.71267
52,2.8157
53,1.3958
54,1.22821
55,2.58228
56,2.39633
57,1.0365
58,2.49594
59,1.22906
60,2.78993
61,2.30926
62,1.69178
63,1.76483
64,1.4301
65,1.66258
66,1.03557
67,2.82874
68,2.57094
69,1.7869
70,2.45997
71,2.6631
72,2.75559
73,1.25922
74,1.68685
75,2.88414
76,1.72438
77,1.70412
78,1.16131
79,2.14378
80,2.55279
81,2.6884
82,1.98659
83,2.63463
84,2.28547
85,1.87075
86,1.70463
87,1.69831
88,1.56309
89,2.83824
90,2.25231
91,2.48916
92,1.31508
93,2.55284
94,1.50391
95,2.22412
96,2.70921
97,1.62922
98,2.21689
99,1.25184
100,1.74732
101,1.26659
102,1.52373
103,1.25206
104,1.40563
105,2.50105
106,1.1419
107,1.91783
108,2.92649
109,1.46935
110,1.39504
111,2.36789
112,1.16265
113,2.70847
114,1.30513
115,1.24035
116,2.61825
117,2.88839
118,1.09104
119,1.12052
120,2.65944
121,1.28236
122,2.60234
123,1.45498
124,1.79843
125,2.19839
126,2.31041
127,1.10745
128,2.97273
129,2.62461
130,1.82716
131,1.06368
132,1.2161
133,2.94893
134,2.73424
135,2.34216
136,2.66874
137,1.47643
138,2.43388
139,2.17942
140,1.44508
141,1.45552
142,1.00315
143,1.89563
144,1.81953
145,2.86601
146,1.04492
147,2.027
148,1.753
149,2.71902
150,2.58774
151,2.21894
152,1.66361
153,2.24801
154,2.30775
155,2.28878
156,1.51824
157,1.052
158,2.97408
159,1.4155
160,2.28465
161,2.12065
162,1.75387
163,1.24138
164,1.89821
165,1.27543
166,2.1716
167,2.0852
168,1.9672
169,2.7732
170,1.16319
171,1.72519
172,1.20162
173,1.59842
174,2.68334
175,2.826
176,2.65585
177,2.9406
178,2.62656
179,2.59574
180,2.67959
181,1.89744
182,2.28419
183,2.38785
184,2.63152
185,1.93642
186,1.38727
187,1.80311
188,2.8613
189,1.93442
190,1.75689
191,2.03519
192,1.45551
193,2.79853
194,2.97169
195,1.27399
196,1.91696
197,2.37827
198,1.55803
199,1.81856
200,2.47986
201,1.06251
202,1.60786
203,1.38529
204,2.62638
205,1.54974
206,2.43552
207,1.81725
208,2.57015
209,2.44459
210,2.15412
211,2.26588
212,2.59719
213,1.00055
214,2.25559
215,1.69286
216,1.94371
217,1.98441
218,2.05924
219,1.6371
220,2.71585
221,1.276
222,1.79828
223,1.77383
224,2.69287
225,1.11227
226,1.91376
227,2.53106
228,1.58499
229,2.92384
230,3
231,2.99818
232,2.48323
233,1.69957
234,2.59317
235,1.398
236,2.20147
237,2.08565
238,1.50339
239,1.40323
240,2.15125
241,2.02752
242,2.4954
243,2.21604
244,2.97927
245,2.5969
246,2.10956
247,1.29334
248,1.21402
249,2.04757
250,1.4926
251,2.14325
252,1.66873
253,2.35742
254,1.13873
255,2.68928
256,2.75252
257,1.66415
258,1.2908
259,2.48815
260,2.32378
261,1.80557
262,2.17005
263,2.11091
264,1.98823
265,2.229
266,2.84966
267,2.22785
268,1.51277
269,1.07933
270,2.24143
271,1.68698
272,1.04833
273,1.34279
274,2.22145
275,1.84769
276,2.13688
277,2.46075
278,1.74795
279,1.73129
280,1.75255
281,1.17321
282,2.16623
283,1.83633
284,1.22161
285,1.65052
286,2.37033
287,2.12797
288,2.74374
289,2.06372
290,2.94908
291,1.12048
292,1.95069
293,1.22026
294,2.98436
295,2.09903
296,2.39741
297,1.25447
298,1.94997
299,1.11869
300,1.89021
301,2.83595
302,1.87902
303,2.71702
304,2.99435
305,2.0986
306,1.24857
307,2.69265
308,1.38052
309,2.32869
310,2.31255
311,2.94639
312,1.91523
313,1.31869
314,1.27837
315,1.56667
316,2.94593
317,2.19591
318,2.70442
319,1.12577
320,2.85125
321,2.89879
322,1.93334
323,1.56446
324,1.9205
325,1.86165
326,2.73228
327,1.39726
328,1.76953
329,2.51839
330,2.62845
331,2.34548
332,2.44317
333,2.36673
334,1.62797
335,1.33697
336,2.37608
337,2.84187
338,1.33153
339,1.00764
340,1.35261
341,1.3563
342,1.39611
343,2.33655
344,2.3489
345,2.03496
346,1.64681
347,1.93393
348,1.64165
349,1.18729
350,2.74088
351,1.89024
352,1.29555
353,2.30409
354,2.88396
355,2.7647
356,2.32185
357,1.40783
358,1.34069
359,1.03215
0,1.33083
1,1.21817
2,1.72238
3,2.12227
4,2.92768
5,1.49099
6,1.04772
7,1.06008
8,2.77234
9,2.7727
10,2.82645
11,2.0948
12,1.34515
13,1.9741
14,2.62884
15,2.87322
16,2.16613
17,2.09781
18,1.94351
19,2.50667
20,1.66462
21,1.34492
22,2.02593
23,1.76085
24,2.65633
25,2.93408
26,1.00956
27,1.60278
28,1.90913
29,2.78091
30,2.68707
31,1.50071
32,2.46782
33,2.67911
34,1.84592
35,2.41696
36,1.81175
37,2.0526
38,2.05112
39,1.18307
40,1.80738
41,2.56426
42,1.52958
43,1.61572
44,1.36994
45,2.51325
46,2.24135
47,2.29069
48,1.65463
49,1.30846
50,1.36871
51,1.9104
52,2.06636
53,1.32486
54,2.85154
55,1.81812
56,1.06237
57,1.33457
58,2.13012
59,2.97086
60,1.28052
61,1.66714
62,1.61824
63,1.70865
64,1.32574
65,1.6443
66,1.75916
67,2.28275
68,2.20462
69,1.07537
70,1.67021
71,1.15643
72,2.08806
73,1.98224
74,1.57574
75,1.50544
76,1.87864
77,2.31723
78,1.65116
79,1.00333
80,2.94539
81,1.20174
82,1.63675
83,2.91103
84,1.69854
85,1.33081
86,2.97098
87,1.23288
88,1.08377
89,2.92191
90,2.57056
91,1.44078
92,1.20292
93,1.50913
94,1.87502
95,1.48602
96,1.56519
97,2.09846
98,2.7646
99,2.7033
100,2.34094
101,2.11522
102,2.51567
103,2.80399
104,2.70676
105,2.51939
106,1.4679
107,2.99658
108,1.52257
109,1.75008
110,1.59901
111,2.49104
112,2.98367
113,2.53263
114,1.85722
115,2.28333
116,1.9276
117,1.20494
118,1.36376
119,2.72672
120,2.00672
121,2.86195
122,2.79607
123,1.58233
124,2.25828
125,2.9508
126,2.0881
127,2.66134
128,1.10962
129,1.37924
130,2.95059
131,2.53042
132,2.73976
133,1.06468
134,2.03687
135,1.75087
136,2.93933
137,1.38629
138,1.45714
139,2.19389
140,2.79301
141,2.09896
142,1.16955
143,2.55397
144,2.54218
145,2.4168
146,1.10387
147,2.76713
148,1.14327
149,2.98932
150,1.53983
151,1.99955
152,2.37464
153,2.49687
154,2.88929
155,2.37941
156,2.82355
157,1.34245
158,2.63066
159,1.56565
160,1.96375
161,2.82171
162,2.40637
163,1.79862
164,1.33687
165,2.80499
166,1.42013
167,2.09673
168,1.74555
169,1.52631
170,2.6134
171,1.47167
172,2.31782
173,1.67121
174,2.04426
175,1.90577
176,2.21374
177,2.33421
178,1.04353
179,2.63841
180,1.75463
181,2.08359
182,2.9394
183,2.49257
184,2.58657
185,2.5174
186,1.90646
187,1.8135
188,1.48845
189,2.40456
190,1.42764
191,2.32235
192,1.8141
193,1.55279
194,1.6863
195,1.60293
196,2.3768
197,2.90858
198,2.55636
199,2.80461
200,1.04331
201,2.94848
202,1.1075
203,1.81992
204,1.3271
205,2.59208
206,1.02316
207,2.20401
208,2.84294
209,1.21985
210,2.09003
211,1.14608
212,2.11303
213,1.76676
214,1.96286
215,1.78187
216,1.81735
217,2.11822
218,2.88216
219,2.39806
220,2.17927
221,1.02229
222,1.56552
223,1.77477
224,2.49159
225,2.13138
226,2.10862
227,1.53717
228,1.23433
229,1.32324
230,1.70861
231,2.61662
232,1.53147
233,1.38334
234,1.8289
235,2.29631
236,2.05933
237,1.14571
238,1.93989
239,1.75791
240,1.19771
241,1.98651
242,1.26563
243,1.43249
244,1.87658
245,1.70625
246,2.98761
247,2.7843
248,1.69988
249,1.8783
250,2.60326
251,2.96434
252,1.60244
253,2.15328
254,2.10384
255,1.28649
256,2.01309
257,1.99967
258,2.45928
259,1.1652
260,1.43413
261,1.34585
262,1.77044
263,1.74924
264,1.52873
265,1.32937
266,2.71301
267,1.49085
268,2.78673
269,2.58231
270,2.92839
271,1.50149
272,1.56816
273,2.09963
274,2.4378
275,2.03058
276,1.97297
277,1.70374
278,2.71695
279,1.82442
280,1.04081
281,2.83138
282,2.91903
283,2.13726
284,2.99576
285,1.80105
286,2.17532
287,2.61271
288,1.81645
289,1.08681
290,2.09087
291,1.2602
292,2.1494
293,2.93844
294,2.36267
295,1.41442
296,2.12772
297,2.66137
298,1.58574
299,1.61212
300,2.95597
301,2.96984
302,2.16741
303,1.66574
304,2.04315
305,1.16479
306,2.61548
307,2.36331
308,2.18953
309,1.40831
310,1.4008
311,1.32787
312,1.56158
313,1.39493
314,2.58611
315,2.74365
316,2.5784
317,1.18149
318,1.32002
319,1.49405
320,2.52288
321,2.03414
322,1.78359
323,2.73598
324,1.66539
325,2.19341
326,2.56042
327,2.97346
328,2.90871
329,2.6456
330,2.55408
331,2.37286
332,2.6839
333,2.256
334,2.53679
335,1.79331
336,2.17051
337,1.8401
338,2.6032
339,1.95552
340,2.38155
341,2.62724
342,2.10184
343,1.58959
344,2.17397
345,1.94864
346,2.79728
347,1.85848
348,1.51984
349,1.92807
350,1.00008
351,2.31613
352,1.18368
353,2.12461
354,2.35809
355,2.33525
356,2.49053
357,2.30493
358,2.96398
359,1.55938
0,2.56554
1,1.01036
2,1.17363
3,1.11839
4,2.85354
5,1.42932
6,2.56271
7,1.50732
8,1.57318
9,2.47632
10,1.59171
11,1.94638
12,2.81995
13,2.84612
14,2.78357
15,1.50131
16,2.50481
17,2.36782
18,1.93621
19,1.94784
20,1.41751
21,2.01278
22,2.79554
23,2.67013
24,2.91741
25,2.9462
26,2.83687
27,1.29741
28,1.52578
29,1.79298
30,2.5429
31,2.54124
32,2.55143
33,1.90896
34,1.83735
35,2.27264
36,2.29419
37,2.484
38,2.65898
39,1.54427
40,2.56044
41,1.36082
42,1.23999
43,2.57541
44,2.98371
45,1.15451
46,1.84987
47,2.68223
48,2.26708
49,2.88962
50,1.86071
51,2.89193
52,2.59712
53,1.75436
54,1.49358
55,2.65741
56,1.08321
57,1.4572
58,1.188
59,2.72286
60,1.08698
61,2.9093
62,2.64846
63,2.73803
64,2.02395
65,2.50021
66,2.9966
67,1.83492
68,1.42321
69,1.80741
70,1.21781
71,1.72411
72,1.19375
73,1.40785
74,1.77418
75,2.64716
76,2.79841
77,2.93167
78,2.63413
79,1.83368
80,2.63488
81,2.44993
82,1.91705
83,1.8302
84,2.18541
85,2.20672
86,2.33504
87,2.97486
88,2.47819
89,1.0084
90,2.25092
91,1.26036
92,2.79219
93,2.35566
94,1.65666
95,1.47367
96,1.90292
97,2.36149
98,1.51766
99,1.29199
100,2.4077
101,2.19756
102,2.38193
103,1.14742
104,2.75929
105,1.40593
106,1.43348
107,2.4652
108,2.57125
109,2.91643
110,2.43092
111,2.48095
112,1.39046
113,1.43089
114,1.04092
115,2.67832
116,2.52165
117,1.43725
118,1.8404
119,1.5414
120,2.3537
121,2.67169
122,1.10098
123,2.24563
124,2.26738
125,1.91546
126,1.21904
127,2.45047
128,1.03503
129,1.82567
130,2.07635
131,1.20451
132,2.28071
133,1.87154
134,1.0556
135,1.48496
136,1.6598
137,2.26368
138,1.75154
139,2.08928
140,2.5377
141,1.15788
142,2.52544
143,1.09653
144,1.36919
145,1.94066
146,2.67696
147,1.6769
148,1.7367
149,2.7076
150,2.57343
151,1.55713
152,2.63059
153,2.40666
154,2.79578
155,2.74075
156,1.82563
157,1.36396
158,2.10889
159,2.06186
160,1.70194
161,2.45058
162,2.94398
163,1.47065
164,1.2817
165,1.47549
166,2.60312
167,2.6446
168,1.80203
169,2.73578
170,2.20474
171,1.07732
172,2.51026
173,1.97542
174,2.9572
175,1.71051
176,2.45977
177,1.33009
178,2.75776
179,1.62066
180,2.35517
181,1.30074
182,1.5757
183,2.81341
184,1.04434
185,2.18343
186,2.88919
187,2.65866
188,2.13622
189,1.42268
190,1.06076
191,2.16423
192,2.28329
193,1.31012
194,1.13653
195,1.61505
196,2.14861
197,1.73722
198,1.42007
199,1.06994
200,2.5139
201,1.13045
202,1.5507
203,2.54119
204,1.74841
205,1.60574
206,1.70887
207,2.93451
208,2.24456
209,2.39565
210,1.69318
211,1.30886
212,2.03202
213,2.13092
214,2.39284
215,2.37797
216,2.61533
217,1.91768
218,2.47226
219,1.32359
220,1.65568
221,1.02492
222,1.88128
223,2.61099
224,2.86619
225,2.12698
226,2.13412
227,2.1513
228,2.97557
229,2.45691
230,1.22235
231,2.02165
232,1.88897
233,1.94955
234,2.08997
235,2.17036
236,1.29699
237,2.45124
238,2.05091
239,1.69038
240,2.17559
241,1.06591
242,2.8179
243,2.51514
244,2.01593
245,1.81829
246,1.92642
247,1.32507
248,2.38657
249,1.06934
250,2.38551
251,1.34346
252,1.50145
253,2.89406
254,2.48686
255,2.64018
256,1.57742
257,1.66528
258,2.3111
259,2.67007
260,1.84863
261,1.88278
262,1.86286
263,1.11809
264,1.7663
265,2.28857
266,2.03602
267,1.41777
268,2.47566
269,2.3777
270,2.02664
271,1.73404
272,2.0046
273,1.24745
274,1.83118
275,2.62647
276,1.05825
277,2.08111
278,1.2319
279,2.46577
280,2.26406
281,2.09936
282,2.02156
283,2.41364
284,2.02418
285,2.4419
286,2.95129
287,2.4106
288,2.89295
289,1.7644
290,2.26033
291,1.36871
292,1.97749
293,1.60828
294,2.37368
295,2.40047
296,2.69887
297,1.98052
298,2.60102
299,1.35848
300,1.89965
301,1.46802
302,1.04695
303,2.05538
304,2.7436
305,1.67787
306,1.91744
307,2.34922
308,1.37527
309,2.19347
310,1.71432
311,2.64187
312,1.8462
313,1.10375
314,2.69003
315,1.27738
316,2.84802
317,2.71212
318,2.64027
319,1.0445
320,2.94982
321,1.55117
322,2.4719
323,1.19835
324,2.65809
325,2.56435
326,1.02473
327,2.59476
328,2.21069
329,1.03446
330,2.09438
331,2.25365
332,1.05811
333,1.62398
334,2.15408
335,1.64124
336,2.30324
337,2.62858
338,2.47126
339,2.47411
340,2.37313
341,1.25951
342,2.50846
343,1.63236
344,1.00644
345,1.2082
346,2.1388
347,2.76762
348,1.42359
349,2.23225
350,1.48193
351,2.75642
352,1.17735
353,1.75392
354,2.18734
355,2.60759
356,1.77951
357,2.29575
358,2.59565
359,1.12614
0,2.96187
1,2.18379
2,2.92317
3,1.66256
4,2.72752
5,1.50139
6,1.94546
7,1.31771
8,2.7415
9,2.42953
10,1.0795
11,1.14396
12,2.58032
13,1.37175
14,1.08261
15,1.47572
16,2.36529
17,1.38551
18,2.30283
19,1.68879
20,1.54683
21,1.63402
22,1.04545
23,2.96028
24,1.45667
25,2.32436
26,1.44243
27,2.8578
28,1.12349
29,2.57247
30,1.57698
31,2.30248
32,1.76922
33,1.36232
34,2.48132
35,1.51437
36,2.06706
37,1.04858
38,1.56435
39,1.96745
40,2.86969
41,2.93533
42,2.17414
43,2.77097
44,1.69136
45,2.73856
46,1.01311
47,1.38369
48,1.62393
49,1.45154
50,2.02015
51,2.63589
52,1.44083
53,2.08743
54,1.38379
55,1.36611
56,2.28933
57,2.78729
58,1.98986
59,1.55895
60,1.27814
61,1.70354
62,1.36755
63,2.38646
64,1.1647
65,1.08632
66,1.72104
67,1.48805
68,1.59363
69,2.14136
70,1.76829
71,1.70219
72,2.73336
73,1.57856
74,2.83749
75,1.64149
76,2.49422
77,2.3249
78,2.58766
79,2.86785
80,2.03216
81,2.59003
82,2.61817
83,1.61505
84,2.15599
85,1.64581
86,1.20028
87,1.11837
88,2.38064
89,1.39001
90,1.86672
91,2.03175
92,1.64563
93,2.08645
94,2.96782
95,2.22473
96,1.01392
97,2.96258
98,2.05404
99,2.28644
100,2.25474
101,1.38261
102,1.57038
103,1.34336
104,1.88712
105,2.85758
106,1.28826
107,1.79477
108,2.74489
109,1.39183
110,2.5122
111,2.60265
112,2.73759
113,2.64852
114,1.65634
115,2.14186
116,2.20629
117,1.16848
118,2.61148
119,1.21829
120,1.8345
121,2.48823
122,1.64719
123,2.31939
124,2.00762
125,2.01361
126,2.79701
127,1.35157
128,1.90608
129,1.53602
130,1.81781
131,1.90926
132,2.90872
133,2.91783
134,1.9645
135,1.34839
136,2.37009
137,2.03158
138,2.81313
139,2.19324
140,1.80083
141,2.48628
142,2.96089
143,1.69178
144,1.76063
145,2.92584
146,2.65813
147,1.1991
148,1.2655
149,1.20882
150,2.57099
151,2.58848
152,2.56023
153,1.7602
154,1.70211
155,1.27967
156,1.48671
157,1.19373
158,1.04868
159,1.24201
160,2.40771
161,2.42656
162,1.17761
163,2.15915
164,2.86215
165,2.17529
166,2.17927
167,2.99067
168,2.15286
169,1.12926
170,1.54506
171,1.75174
172,1.5135
173,1.47692
174,2.62087
175,2.96576
176,1.54931
177,1.26823
178,1.08932
179,2.28334
180,2.15757
181,2.3113
182,2.07055
183,1.7022
184,2.83922
185,2.75868
186,1.15507
187,1.34317
188,2.70387
189,1.96685
190,2.91314
191,1.19201
192,2.19535
193,1.24614
194,1.86727
195,1.2409
196,1.79326
197,1.26818
198,2.32236
199,1.84318
200,2.34721
201,1.51567
202,1.94682
203,2.13986
204,2.56092
205,1.37416
206,1.4659
207,1.30876
208,2.26728
209,2.20122
210,1.97115
211,1.19433
212,1.06204
213,1.68659
214,2.56993
215,2.83405
216,1.82631
217,2.86259
218,1.53183
219,1.49092
220,1.81416
221,2.60006
222,1.28388
223,2.17351
224,2.18555
225,2.62369
226,2.36092
227,2.03288
228,2.64654
229,2.31773
230,2.10268
231,1.76691
232,2.50951
233,1.3889
234,1.25556
235,2.11924
236,2.14461
237,2.40354
238,2.21512
239,1.52797
240,2.54021
241,1.23495
242,1.76659
243,1.10235
244,1.24645
245,1.0945
246,1.3296
247,2.58795
248,1.69129
249,1.56022
250,2.68373
251,1.44638
252,1.26007
253,2.01627
254,1.52505
255,1.59847
256,1.56906
257,1.22056
258,2.02138
259,1.29333
260,2.96035
261,2.64478
262,2.8129
263,2.37518
264,1.61703
265,1.45227
266,2.32863
267,1.32608
268,1.39742
269,2.398
270,1.22147
271,1.1647
272,1.07498
273,1.25432
274,1.37154
275,1.46824
276,2.6944
277,2.71539
278,1.58159
279,1.73725
280,1.95736
281,1.40217
282,2.33048
283,2.37931
284,1.08708
285,2.52725
286,1.45541
287,1.02628
288,2.76572
289,1.4712
290,2.42919
291,1.36843
292,1.12612
293,2.75339
294,2.28019
295,1.10859
296,2.14035
297,2.87385
298,2.86659
299,2.77097
300,1.71938
301,1.64384
302,2.08017
303,1.35116
304,2.93064
305,1.32543
306,2.43987
307,2.97158
308,1.32197
309,2.28799
310,2.32123
311,2.87673
312,1.14527
313,2.55545
314,1.38251
315,1.88564
316,1.99294
317,1.26304
318,1.99558
319,1.68167
320,1.76449
321,1.73263
322,2.25742
323,2.4507
324,2.8711
325,2.54638
326,1.0026
327,2.73208
328,2.01106
329,1.84089
330,1.78606
331,2.31047
332,2.07594
333,2.24786
334,1.76081
335,1.94638
336,2.87824
337,2.53957
338,2.53201
339,1.52749
340,2.5552
341,1.17584
342,2.32452
343,2.13226
344,2.81714
345,1.60547
346,1.11901
347,1.28327
348,1.94731
349,2.43928
350,1.01913
351,2.50445
352,2.24639
353,1.12907
354,2.22267
355,2.38222
356,1.98697
357,2.99212
358,2.53538
359,2.16365
0,2.54519
1,1.04954
2,1.61349
3,1.9327
4,2.92365
5,1.82836
6,1.30954
7,1.42641
8,1.7336
9,2.67021
10,2.18774
11,1.37075
12,2.15914
13,2.63492
14,1.10715
15,1.93435
16,2.54274
17,1.78889
18,1.86825
19,1.65167
20,1.59355
21,2.82166
22,1.60338
23,2.02155
24,2.23081
25,1.30145
26,1.50157
27,2.88421
28,2.96793
29,2.00635
30,2.80216
31,1.98054
32,1.00467
33,1.55144
34,2.99975
35,2.80723
36,1.04998
37,1.09437
38,1.11673
39,2.8045
40,1.30886
41,2.07002
42,2.87842
43,1.61228
44,1.58301
45,1.73304
46,1.18349
47,2.92092
48,1.89066
49,2.31903
50,1.89363
51,2.16736
52,2.89689
53,2.03392
54,2.00915
55,1.74382
56,2.37544
57,2.07698
58,1.8393
59,1.08875
60,2.60756
61,1.20086
62,2.91784
63,2.16055
64,2.36998
65,2.28341
66,1.21739
67,2.63242
68,1.12086
69,2.26846
70,2.04744
71,1.33586
72,1.74882
73,2.48767
74,2.30596
75,2.34005
76,1.23047
77,2.47945
78,2.19866
79,2.86306
80,1.42804
81,1.12228
82,2.15825
83,1.72577
84,2.93612
85,1.35162
86,2.62792
87,1.52929
88,2.80789
89,2.12823
90,1.09656
91,1.9615
92,2.98354
93,2.39895
94,1.23619
95,2.62676
96,1.97674
97,1.00407
98,1.39663
99,1.14118
100,1.83441
101,1.00001
102,1.21062
103,2.94495
104,1.85043
105,2.19235
106,2.83189
107,1.62962
108,1.06471
109,2.60726
110,2.22487
111,1.45522
112,1.80791
113,1.53341
114,1.93939
115,1.40464
116,1.75952
117,2.2916
118,2.97222
119,2.17359
120,1.48199
121,1.8583
122,2.38254
123,1.42724
124,1.53941
125,2.90695
126,1.04336
127,1.70726
128,1.95914
129,1.26711
130,2.37469
131,1.44128
132,1.55419
133,1.27364
134,2.13497
135,2.36499
136,2.43568
137,2.43949
138,2.56914
139,1.519
140,1.79812
141,2.99431
142,1.31049
143,1.3933
144,1.23671
145,1.31223
146,2.66788
147,1.12248
148,1.55353
149,2.23824
150,2.17063
151,1.70375
152,2.90746
153,1.71726
154,1.98556
155,1.29289
156,1.53912
157,2.04178
158,2.15581
159,2.72598
160,1.60843
161,2.90718
162,1.02402
163,2.72014
164,1.44933
165,2.81451
166,1.51252
167,2.90055
168,1.48098
169,2.80367
170,1.23149
171,1.73511
172,2.02934
173,1.03349
174,1.82541
175,1.655
176,1.56186
177,2.16604
178,2.65252
179,2.86017
180,2.87182
181,2.74476
182,1.21918
183,2.83299
184,2.03158
185,2.70907
186,1.26681
187,1.27246
188,2.27413
189,1.2877
190,2.41044
191,2.25541
192,2.74057
193,2.73312
194,1.52236
195,2.22187
196,1.04873
197,2.05575
198,2.9177
199,1.73433
200,2.86643
201,2.09989
202,2.92459
203,1.59222
204,2.45934
205,2.15517
206,1.91202
207,1.37427
208,1.34293
209,2.54264
210,2.11412
211,2.09696
212,1.66877
213,1.05182
214,1.96052
215,2.5271
216,2.94413
217,1.97005
218,2.66357
219,2.56877
220,1.27465
221,1.05847
222,1.73194
223,2.71623
224,1.72526
225,2.4603
226,2.29474
227,1.66488
228,1.69212
229,1.47958
230,1.2707
231,2.62401
232,1.6927
233,1.20336
234,2.81712
235,1.3893
236,2.04531
237,1.46427
238,2.03067
239,1.40819
240,1.3664
241,1.13215
242,2.00291
243,2.96234
244,2.00488
245,2.05484
246,1.70677
247,1.72926
248,1.65369
249,1.55329
250,2.22585
251,1.90355
252,2.98959
253,1.99243
254,2.74105
255,2.86575
256,2.64722
257,1.89154
258,1.07762
259,1.54069
260,2.4149
261,1.30047
262,2.9174
263,2.73268
264,2.22294
265,2.87301
266,2.63288
267,2.8372
268,2.89838
269,1.07002
270,1.76423
271,1.34441
272,1.54576
273,1.56896
274,1.57673
275,2.08743
276,1.46266
277,1.00394
278,1.27977
279,1.06332
280,1.21808
281,2.22963
282,1.39378
283,1.30215
284,1.31673
285,2.22146
286,2.09864
287,1.76451
288,2.1898
289,1.90578
290,2.37999
291,2.4599
292,1.61179
293,1.28451
294,2.79629
295,1.21463
296,2.26114
297,2.93688
298,2.20082
299,1.26389
300,2.25759
301,1.25608
302,2.85433
303,2.78533
304,1.05969
305,2.21386
306,2.36932
307,1.07766
308,2.20155
309,1.46574
310,2.61387
311,1.33454
312,1.59821
313,1.13663
314,1.3204
315,1.96957
316,2.62571
317,2.36651
318,1.98544
319,1.28268
320,2.05824
321,2.81477
322,1.86943
323,1.46105
324,1.94142
325,1.49751
326,2.62149
327,1.4383
328,1.579
329,2.30591
330,1.41735
331,1.4514
332,1.63439
333,1.18271
334,1.73684
335,1.01581
336,2.75021
337,2.72359
338,1.3967
339,2.38246
340,1.99069
341,1.51532
342,2.03885
343,2.89434
344,1.2153
345,1.56257
346,2.13372
347,1.39818
348,1.22739
349,2.80375
350,2.70032
351,2.22104
352,1.01378
353,2.65565
354,1.44946
355,1.03925
356,2.70725
357,2.78064
358,2.28478
359,2.28411
0,1.00772
1,2.73181
2,1.47148
3,1.1884
4,1.4974
5,2.72255
6,1.89862
7,2.03726
8,2.1898
9,1.97147
10,2.50818
11,1.01098
12,1.52099
13,1.3327
14,2.7397
15,2.10714
16,2.65157
17,2.95091
18,2.01299
19,2.38033
20,2.23861
21,2.37919
22,1.05263
23,1.5423
24,1.36311
25,1.84179
26,2.98789
27,1.46863
28,1.27529
29,1.843
30,1.38402
31,1.20448
32,1.68215
33,1.86151
34,2.36056
35,1.92287
36,1.62148
37,2.26511
38,1.77929
39,2.51573
40,1.94858
41,1.8452
42,2.28656
43,2.13239
44,1.13952
45,1.86565
46,1.93111
47,2.20612
48,2.23181
49,1.95031
50,2.94446
51,1.4628
52,1.30327
53,2.02962
54,1.86214
55,2.95764
56,2.98184
57,1.85105
58,2.63404
59,2.33962
60,2.07112
61,1.39392
62,1.60686
63,2.56458
64,2.87674
65,1.38948
66,1.06059
67,1.29099
68,1.60436
69,2.46181
70,1.6655
71,1.97578
72,2.97629
73,2.52953
74,1.88975
75,1.05625
76,2.31917
77,2.31376
78,1.33452
79,1.21946
80,1.49691
81,2.55644
82,2.05509
83,1.88803
84,2.05565
85,1.30828
86,2.30358
87,2.18797
88,1.28677
89,2.66989
90,2.82514
91,2.20446
92,2.41479
93,1.39913
94,1.12715
95,1.97571
96,1.75989
97,2.40035
98,2.68815
99,1.81814
100,1.50406
101,2.80118
102,1.47209
103,1.34971
104,2.53233
105,2.84778
106,2.6282
107,2.11781
108,2.0977
109,1.97258
110,1.08241
111,2.06513
112,2.56489
113,2.187
114,2.83104
115,1.31654
116,1.0747
117,2.43708
118,2.02141
119,1.81395
120,1.1171
121,1.02202
122,1.13697
123,1.11735
124,1.22002
125,2.95423
126,1.76733
127,1.48159
128,1.03824
129,1.7232
130,1.83737
131,2.64145
132,2.88092
133,1.62921
134,2.0878
135,1.66757
136,2.79314
137,2.29131
138,2.06091
139,1.73924
140,1.45173
141,1.30641
142,2.82698
143,1.0932
144,1.44322
145,2.21571
146,1.45262
147,2.1355
148,1.36644
149,1.83348
150,1.36718
151,2.26647
152,2.5605
153,2.39252
154,1.07738
155,1.49141
156,2.0787
157,2.66281
158,1.92564
159,2.29172
160,2.92952
161,2.45902
162,2.81702
163,1.66979
164,2.14095
165,2.93014
166,2.92748
167,2.18399
168,2.28149
169,1.05361
170,1.9937
171,2.1076
172,2.4981
173,1.5804
174,1.7745
175,1.995
176,1.88443
177,1.60438
178,2.85578
179,1.01467
180,1.63649
181,2.50663
182,2.96673
183,1.85727
184,1.18814
185,1.01129
186,2.73624
187,1.90551
188,1.94704
189,1.87825
190,1.69003
191,2.34599
192,1.03981
193,2.10398
194,1.62598
195,1.81487
196,2.565
197,1.99132
198,2.07887
199,1.58994
200,2.11071
201,2.72706
202,1.74806
203,1.66795
204,1.30438
205,2.73261
206,2.97598
207,1.2203
208,1.54811
209,1.02899
210,2.15998
211,2.74078
212,2.23961
213,1.1868
214,2.60801
215,2.81924
216,2.95773
217,2.5157
218,1.416
219,2.69872
220,1.34438
221,2.99092
222,2.32901
223,1.69302
224,2.54498
225,1.46214
226,2.11139
227,2.09875
228,1.62808
229,1.17868
230,2.11147
231,1.3975
232,1.79787
233,2.85948
234,1.26626
235,1.98948
236,1.19901
237,1.72536
238,2.15056
239,2.51084
240,1.74632
241,2.36111
242,1.21984
243,1.88617
244,2.84977
245,2.1056
246,2.84813
247,2.44186
248,2.33298
249,2.39918
250,1.05007
251,2.56938
252,1.51751
253,2.71716
254,1.26463
255,2.58019
256,1.24043
257,1.92292
258,2.50074
259,2.00946
260,1.01482
261,2.02346
262,2.21664
263,1.03395
264,1.56101
265,1.86787
266,1.37353
267,2.87373
268,2.85551
269,2.55785
270,1.86458
271,1.98864
272,1.14531
273,1.16072
274,2.25197
275,2.89005
276,1.07684
277,2.41565
278,1.86113
279,2.0182
280,1.80396
281,1.15806
282,1.53661
283,1.73437
284,1.49448
285,1.74432
286,2.74049
287,1.34801
288,1.96461
289,1.19195
290,1.14839
291,2.91007
292,1.5209
293,1.77815
294,1.38884
295,2.22199
296,2.97587
297,1.39455
298,2.14981
299,1.90821
300,1.3399
301,1.7341
302,1.00271
303,2.52464
304,1.68913
305,1.19509
306,1.92958
307,2.38406
308,2.92589
309,1.44085
310,2.29329
311,1.35377
312,2.80851
313,2.6224
314,2.6967
315,1.4923
316,1.02054
317,2.13565
318,1.9162
319,1.52948
320,2.0251
321,1.89295
322,2.79878
323,1.10583
324,1.74289
325,2.82752
326,2.05475
327,2.26138
328,1.06747
329,2.95158
330,1.12963
331,1.70691
332,2.0831
333,2.69578
334,1.89879
335,2.92223
336,1.91234
337,2.71655
338,1.03711
339,2.73557
340,2.69418
341,1.01322
342,1.20936
343,1.70685
344,1.01626
345,2.25372
346,2.3149
347,2.48815
348,2.27914
349,1.51402
350,2.1973
351,1.97055
352,1.08391
353,1.2858
354,2.50717
355,1.98351
356,2.80607
357,1.59105
358,2.74558
359,2.93599
0,1.222
1,2.14347
2,1.27628
3,2.43779
4,1.90079
5,2.55029
6,2.74507
7,2.46316
8,2.41256
9,1.82166
10,2.64346
11,2.62657
12,2.68567
13,2.04878
14,1.80259
15,2.17421
16,1.88341
17,2.47257
18,2.47906
19,1.54286
20,2.91881
21,2.48268
22,2.37329
23,1.851
24,1.82702
25,2.68906
26,1.07272
27,1.22692
28,2.78041
29,2.36912
30,1.8241
31,1.57534
32,2.7324
33,1.49833
34,2.40414
35,2.32319
36,1.84287
37,1.03803
38,2.22633
39,1.9644
40,1.64986
41,1.25008
42,2.03093
43,1.80959
44,1.85077
45,1.96445
46,2.5814
47,1.66685
48,2.71001
49,1.1002
50,1.00397
51,1.80057
52,2.11389
53,2.21864
54,2.64401
55,1.85683
56,1.72225
57,1.85367
58,2.59518
59,1.19867
60,1.96858
61,1.95204
62,1.94884
63,2.13798
64,1.02643
65,1.16283
66,1.65418
67,1.7609
68,1.48273
69,2.2722
70,2.88674
71,1.38751
72,1.86726
73,1.11931
74,2.22218
75,2.1839
76,2.73391
77,2.77138
78,2.59729
79,2.63052
80,1.10457
81,2.59089
82,1.17209
83,1.28588
84,1.81314
85,1.43114
86,1.15497
87,1.62126
88,2.54895
89,2.2175
90,1.46302
91,2.94104
92,2.10893
93,2.77195
94,2.12545
95,2.52147
96,2.27045
97,1.4421
98,1.44867
99,1.83352
100,1.99888
101,1.2075
102,2.48848
103,1.87927
104,2.85218
105,2.56317
106,1.23785
107,2.54957
108,2.65574
109,1.09412
110,2.9162
111,2.63208
112,1.35397
113,2.12312
114,1.24336
115,1.15155
116,2.07887
117,1.53539
118,1.29233
119,2.15797
120,2.95664
121,2.28031
122,1.15885
123,2.83163
124,1.2889
125,2.52435
126,2.73862
127,2.01951
128,1.82786
129,2.91231
130,1.272
131,2.55921
132,2.59766
133,2.90803
134,1.30137
135,2.10862
136,1.5256
137,2.82148
138,2.53857
139,1.82372
140,1.18664
141,1.90979
142,1.8514
143,2.46685
144,2.29622
145,2.58323
146,2.32964
147,2.24249
148,1.59113
149,2.10014
150,2.97021
151,2.36874
152,1.4737
153,2.49866
154,1.01792
155,2.19478
156,1.74003
157,2.64981
158,1.37082
159,1.41812
160,2.32967
161,2.8017
162,2.22917
163,1.61162
164,2.43944
165,1.65339
166,2.54548
167,1.93058
168,1.25967
169,1.28157
170,1.41683
171,2.64025
172,2.70944
173,1.55403
174,2.57611
175,2.74245
176,2.36738
177,2.57741
178,2.49024
179,1.46847
180,2.55704
181,2.13843
182,2.54351
183,2.84066
184,2.96525
185,2.95691
186,2.82446
187,2.6294
188,2.39381
189,2.7285
190,1.83774
191,2.82139
192,1.06457
193,2.25977
194,1.99147
195,2.66124
196,1.53544
197,2.13161
198,2.00729
199,2.56018
200,1.00316
201,2.05186
202,1.57686
203,2.25945
204,2.61886
205,1.12659
206,2.61628
207,1.82365
208,2.08522
209,2.33379
210,2.0032
211,1.71648
212,2.89737
213,2.01902
214,1.64671
215,2.25316
216,2.84934
217,2.8995
218,1.95584
219,1.86387
220,2.05861
221,1.0964
222,1.2551
223,2.42718
224,1.54491
225,1.26867
226,2.51946
227,2.57635
228,2.69351
229,1.90435
230,2.36826
231,1.42284
232,1.6806
233,1.91266
234,2.14248
235,2.60718
236,2.83818
237,1.32684
238,2.14571
239,2.98573
240,1.17474
241,1.77809
242,2.30033
243,1.68334
244,1.87645
245,1.4169
246,1.8169
247,2.62666
248,2.28059
249,1.87155
250,1.09999
251,1.56729
252,1.45319
253,1.72723
254,1.60731
255,2.02579
256,1.37477
257,1.67856
258,1.49466
259,2.67464
260,2.59297
261,2.07032
262,1.9124
263,1.76992
264,2.97109
265,1.16709
266,1.33273
267,1.22124
268,1.36417
269,1.53583
270,2.77623
271,2.11558
272,2.50115
273,2.79976
274,1.56749
275,2.80189
276,1.3268
277,1.47894
278,2.49233
279,2.62371
280,2.62145
281,2.66277
282,1.2365
283,1.86332
284,2.85848
285,2.48031
286,2.5307
287,1.4376
288,1.67431
289,2.17636
290,2.16176
291,2.73573
292,1.38956
293,2.36438
294,2.17111
295,1.89498
296,2.98729
297,1.35958
298,2.38663
299,2.13891
300,2.60272
301,1.878
302,1.54578
303,1.93026
304,1.88718
305,1.85153
306,2.58735
307,1.67069
308,1.31165
309,2.83098
310,2.32887
311,1.26891
312,2.55663
313,1.29206
314,1.65413
315,2.9057
316,2.08555
317,1.76743
318,1.26952
319,2.84594
320,1.75906
321,2.46001
322,1.31684
323,2.10704
324,2.97178
325,2.73237
326,2.93148
327,1.38522
328,1.34091
329,2.73111
330,1.77256
331,1.45038
332,2.61694
333,2.83615
334,1.16999
335,2.09386
336,1.52113
337,1.56178
338,2.80637
339,2.59258
340,1.54754
341,1.5844
342,1.09261
343,1.43974
344,1.77181
345,2.86432
346,2.54448
347,1.07
348,1.45654
349,2.06781
350,1.67812
351,2.19768
352,2.36556
353,1.92598
354,1.95062
355,2.11646
356,1.42087
357,2.54681
358,2.2174
359,1.89438
0,2.82217
1,2.1342
2,1.52601
3,1.58806
4,2.53175
5,1.11802
6,2.5869
7,2.07005
8,1.33639
9,2.67749
10,2.58405
11,2.10416
12,2.59115
13,1.53667
14,2.75342
15,2.7668
16,1.60211
17,2.65686
18,1.90446
19,2.20234
20,2.77734
21,2.76544
22,2.73648
23,2.0135
24,2.81666
25,1.55581
26,2.55778
27,2.54123
28,2.52712
29,1.35259
30,2.92722
31,1.70533
32,1.51915
33,2.39677
34,2.53841
35,2.99046
36,2.66581
37,2.20468
38,2.08254
39,1.26816
40,2.00534
41,1.77353
42,1.79803
43,1.43343
44,1.6771
45,2.97905
46,2.97169
47,1.27994
48,1.88568
49,2.63831
50,2.13213
51,2.72166
52,2.88884
53,2.81642
54,1.54505
55,1.65056
56,2.99298
57,1.01132
58,1.19196
59,1.35092
60,2.84495
61,1.07543
62,2.72627
63,2.33941
64,2.44781
65,2.39645
66,1.05569
67,2.9822
68,1.89097
69,1.60666
70,1.19098
71,2.72394
72,1.18172
73,1.16932
74,2.7767
75,1.93334
76,1.59772
77,2.9561
78,1.18427
79,1.99534
80,1.65802
81,2.34607
82,2.45801
83,1.8035
84,1.3552
85,2.88798
86,2.25056
87,1.14755
88,2.93969
89,1.30755
90,2.05382
91,2.55735
92,1.39252
93,2.0699
94,2.87282
95,1.47561
96,2.65194
97,1.13293
98,1.1857
99,2.00191
100,2.14322
101,1.08895
102,2.03807
103,1.89647
104,1.88751
105,1.35558
106,1.16762
107,2.22563
108,2.18992
109,2.04604
110,1.75584
111,2.33615
112,1.74606
113,2.07539
114,1.12705
115,2.41174
116,2.03753
117,2.76639
118,2.79769
119,2.81002
120,2.01402
121,1.68735
122,1.22026
123,2.83174
124,1.11216
125,2.09363
126,1.5769
127,2.98884
128,1.41456
129,2.5202
130,2.97398
131,1.59911
132,2.20555
133,2.70384
134,1.47935
135,1.42432
136,2.5365
137,2.87863
138,1.17492
139,2.89956
140,2.83176
141,1.31004
142,1.89506
143,2.30187
144,1.49877
145,1.90139
146,2.68427
147,2.45005
148,2.01461
149,1.53588
150,1.47902
151,1.94588
152,2.34787
153,2.66431
154,2.99988
155,2.8989
156,1.83924
157,2.17278
158,1.95098
159,2.17638
160,2.341
161,1.21415
162,2.26265
163,2.3697
164,1.60638
165,2.49827
166,2.40309
167,2.71932
168,1.63292
169,2.47561
170,1.5673
171,1.55175
172,2.31414
173,1.70074
174,2.26555
175,1.04535
176,1.25055
177,1.97455
178,2.29688
179,1.65191
180,1.59265
181,1.73757
182,1.29971
183,2.14866
184,2.56825
185,2.62856
186,2.26547
187,1.81951
188,2.48679
189,1.51294
190,1.92672
191,2.31951
192,2.0153
193,1.13933
194,2.7191
195,1.95262
196,1.61996
197,2.69817
198,2.07912
199,1.71735
200,1.45712
201,1.81704
202,2.98543
203,2.19148
204,2.24839
205,2.74595
206,1.21944
207,1.12444
208,2.41002
209,1.2866
210,1.81095
211,2.59729
212,2.60269
213,1.3562
214,1.65837
215,2.21222
216,2.76559
217,1.19427
218,2.14048
219,1.11204
220,2.04324
221,2.78101
222,2.48411
223,2.4184
224,2.02827
225,1.1705
226,2.66237
227,2.51157
228,1.91426
229,2.8957
230,2.01605
231,1.75768
232,1.2534
233,1.83512
234,2.80656
235,1.8563
236,2.90981
237,1.09345
238,1.53602
239,1.90202
240,1.25586
241,1.22199
242,1.99325
243,2.53997
244,1.34923
245,2.57016
246,2.61594
247,2.04245
248,1.4888
249,2.28318
250,1.40645
251,2.14802
252,1.68769
253,1.00782
254,2.49992
255,2.2255
256,2.03158
257,2.8179
258,2.43129
259,2.72007
260,2.26286
261,1.94891
262,1.25688
263,2.45785
264,1.03332
265,1.02894
266,1.36177
267,1.20176
268,2.0528
269,1.45985
270,1.67747
271,1.17183
272,2.87732
273,1.10323
274,1.97557
275,1.37026
276,1.9675
277,1.71513
278,2.17336
279,1.68346
280,1.99282
281,1.33942
282,1.58571
283,2.96073
284,1.06586
285,1.93888
286,2.71693
287,1.44857
288,2.07007
289,1.64138
290,2.70509
291,2.52345
292,1.6998
293,2.5304
294,2.37616
295,2.08212
296,2.12482
297,1.78305
298,1.63902
299,2.98042
300,1.85836
301,1.49688
302,2.04059
303,2.1364
304,2.43003
305,1.50815
306,1.55413
307,2.26569
308,1.38323
309,1.95555
310,2.88519
311,1.34699
312,2.81553
313,2.64288
314,2.81123
315,2.4102
316,2.21242
317,2.16074
318,1.60215
319,1.28531
320,2.12577
321,1.7985
322,1.46563
323,2.90907
324,2.72122
325,1.60209
326,2.29569
327,1.69861
328,2.52793
329,2.99105
330,2.62297
331,2.20795
332,2.99855
333,2.5677
334,1.38528
335,2.35001
336,2.68736
337,2.50038
338,1.96379
339,1.49346
340,2.5578
341,2.91463
342,2.19499
343,1.28251
344,1.12501
345,2.03023
346,2.06193
347,2.89541
348,1.17405
349,2.22198
350,2.86387
351,1.0888
352,1.43765
353,2.62483
354,1.44073
355,2.42814
356,1.79425
357,1.97055
358,2.95756
359,1.73975
0,2.01485
1,1.53578
2,1.81179
3,2.71394
4,1.25729
5,1.344
6,2.66082
7,2.46136
8,2.01874
9,2.97988
10,2.79624
11,2.41814
12,1.66044
13,2.98324
14,1.3769
15,1.54214
16,2.78119
17,1.52548
18,2.7921
19,2.79011
20,1.36367
21,1.20744
22,1.36513
23,1.73438
24,1.79786
25,2.67514
26,1.0252
27,2.46172
28,2.1538
29,2.92585
30,2.78589
31,2.42195
32,1.76678
33,2.21357
34,1.46337
35,2.87824
36,2.51654
37,1.54784
38,2.53663
39,1.20651
40,1.77463
41,2.14659
42,1.72699
43,1.59714
44,1.11544
45,1.25252
46,1.02016
47,1.82434
48,1.73923
49,1.30798
50,1.22032
51,1.86842
52,2.60758
53,1.5746
54,2.37338
55,1.33711
56,2.74838
57,2.05006
58,1.39437
59,1.20103
60,1.62655
61,1.38903
62,1.37199
63,1.09407
64,1.95826
65,2.40681
66,1.26253
67,1.34697
68,2.5335
69,2.54714
70,1.81784
71,2.49404
72,1.41225
73,1.7475
74,2.30236
75,1.71637
76,1.00049
77,1.20531
78,1.58477
79,1.22069
80,2.05401
81,1.76151
82,1.75221
83,1.42244
84,2.98873
85,1.57921
86,1.85658
87,1.48108
88,2.47397
89,2.02624
90,1.02297
91,1.14049
92,2.2173
93,2.09496
94,1.91699
95,2.86973
96,1.60497
97,2.81037
98,1.87355
99,2.71395
100,1.36893
101,1.59901
102,2.61514
103,2.64684
104,1.41062
105,2.21371
106,1.84065
107,1.74446
108,1.14437
109,1.44271
110,1.65053
111,2.49727
112,1.67089
113,2.66207
114,1.36886
115,2.43367
116,2.63848
117,1.01436
118,2.40597
119,1.17206
120,2.8178
121,2.80111
122,2.18803
123,2.20788
124,1.87833
125,1.03794
126,2.57309
127,1.92203
128,1.5816
129,1.99621
130,2.2797
131,2.87107
132,2.14605
133,2.58166
134,2.00864
135,1.13951
136,1.73116
137,1.58576
138,1.88426
139,2.78794
140,2.87811
141,2.3498
142,1.04812
143,1.69197
144,1.00018
145,2.09941
146,2.85794
147,1.33091
148,2.54254
149,2.54689
150,1.65489
151,1.703
152,2.3629
153,1.32123
154,1.95004
155,2.25973
156,1.3105
157,1.5583
158,2.31636
159,2.98363
160,1.92997
161,2.92138
162,1.6511
163,2.03284
164,1.99659
165,2.63058
166,2.10309
167,2.70806
168,2.32152
169,1.70431
170,2.38836
171,1.11997
172,1.29529
173,1.8973
174,1.90159
175,2.07593
176,2.19207
177,2.15946
178,1.99165
179,1.6201
180,2.9747
181,1.79093
182,2.19347
183,1.60749
184,1.15106
185,1.83355
186,2.52945
187,2.41724
188,2.48448
189,2.68901
190,2.20874
191,2.24433
192,2.48647
193,2.14646
194,1.51769
195,1.79492
196,1.28904
197,2.90677
198,2.15671
199,1.83563
200,1.51452
201,2.58706
202,2.63791
203,1.41083
204,1.80612
205,1.52693
206,1.16582
207,1.97603
208,1.06342
209,2.98249
210,2.63474
211,2.08004
212,1.2225
213,2.4938
214,1.25626
215,2.02509
216,1.74174
217,1.48871
218,2.81101
219,2.62235
220,1.76449
221,1.76327
222,1.3594
223,1.40114
224,2.94501
225,2.86288
226,2.44678
227,2.95879
228,2.44529
229,1.96561
230,2.04344
231,2.10461
232,2.11045
233,2.30815
234,1.1452
235,1.30215
236,1.18419
237,2.76056
238,2.67811
239,2.98318
240,2.3094
241,2.05091
242,1.72646
243,2.56479
244,2.40645
245,1.19501
246,2.57211
247,1.41778
248,2.69397
249,1.49276
250,2.8815
251,1.32082
252,1.01392
253,2.89499
254,2.0937
255,2.87888
256,1.3522
257,2.40475
258,2.63884
259,1.06606
260,1.21143
261,2.45382
262,1.28041
263,1.87083
264,1.0651
265,1.1751
266,1.94746
267,2.90797
268,2.24672
269,2.60244
270,1.17481
271,2.9643
272,2.95673
273,1.7596
274,1.64234
275,2.816
276,2.58493
277,2.99096
278,1.09027
279,2.11059
280,2.76346
281,1.44317
282,1.31504
283,1.82088
284,1.56381
285,2.99196
286,1.91427
287,1.1061
288,2.27795
289,1.45116
290,1.60354
291,2.74953
292,1.30533
293,2.60377
294,1.50885
295,1.29802
296,1.81984
297,1.97187
298,1.24561
299,2.89436
300,1.42987
301,1.80257
302,1.80923
303,1.7502
304,1.57397
305,1.78881
306,2.47551
307,1.97612
308,2.60405
309,2.19608
310,1.54241
311,1.35851
312,2.45318
313,2.60963
314,1.98897
315,2.54461
316,1.23923
317,1.78528
318,1.19496
319,1.73519
320,1.29287
321,1.28323
322,1.28226
323,2.8842
324,2.70127
325,2.25084
326,1.81763
327,2.85325
328,2.55936
329,1.17404
330,2.09559
331,2.52859
332,2.06285
333,2.23802
334,2.43394
335,1.24988
336,2.65759
337,2.12907
338,1.33359
339,1.66729
340,2.1812
341,1.44044
342,1.44544
343,1.4722
344,1.30854
345,2.59917
346,2.28145
347,2.33512
348,2.2986
349,2.5166
350,2.58139
351,1.41694
352,2.44536
353,1.11105
354,1.38796
355,1.47714
356,2.30916
357,1.98995
358,1.13587
359,2.564
0,1.1087
1,1.86533
2,2.59159
3,2.81323
4,2.01195
5,2.81511
6,1.56227
7,2.99585
8,1.20795
9,1.93427
10,1.24785
11,2.59877
12,1.45648
13,1.07004
14,2.18859
15,1.58636
16,1.97754
17,2.49642
18,1.28188
19,2.49243
20,2.31585
21,2.40662
22,2.08949
23,1.98152
24,1.46772
25,2.02416
26,1.99678
27,1.87113
28,2.1135
29,1.62534
30,1.16054
31,1.17557
32,1.75321
33,2.22558
34,1.3045
35,2.64991
36,1.10331
37,1.41213
38,1.65743
39,2.34681
40,2.78144
41,1.73086
42,2.51795
43,1.22031
44,1.67366
45,1.15818
46,1.58056
47,2.40619
48,2.89164
49,1.73007
50,1.29774
51,1.16703
52,2.23067
53,2.85914
54,1.55633
55,1.17616
56,1.69046
57,1.59671
58,1.96056
59,1.14352
60,1.1234
61,2.95644
62,2.86526
63,2.38192
64,2.93808
65,2.38653
66,2.47477
67,1.45975
68,2.00713
69,1.85093
70,2.56703
71,2.15747
72,2.66069
73,2.22488
74,1.51733
75,1.6918
76,2.01724
77,1.78684
78,1.44543
79,1.41963
80,1.63768
81,2.44262
82,1.06986
83,1.20482
84,1.33078
85,2.47087
86,1.96822
87,1.90368
88,1.17848
89,2.74409
90,1.94877
91,1.05195
92,2.05372
93,2.83469
94,2.60997
95,1.78244
96,1.39228
97,2.07899
98,1.54544
99,2.14246
100,2.27287
101,2.07002
102,2.88989
103,2.44668
104,1.30042
105,2.11413
106,2.22026
107,1.91509
108,2.85807
109,1.5347
110,1.74216
111,2.42715
112,1.11094
113,1.49832
114,2.20434
115,2.42653
116,2.7502
117,2.61747
118,1.7443
119,2.37429
120,2.6949
121,1.19158
122,2.95228
123,2.96935
124,1.80974
125,2.30331
126,1.69805
127,1.11001
128,1.94139
129,2.91366
130,1.9025
131,1.28127
132,2.27916
133,1.87
134,1.06205
135,1.92303
136,2.32651
137,1.67083
138,1.6468
139,1.76083
140,2.28885
141,2.70877
142,2.31726
143,2.14448
144,2.35627
145,1.77127
146,1.75416
147,2.0868
148,2.78438
149,1.10888
150,2.88938
151,1.74062
152,2.66489
153,2.75372
154,1.81351
155,1.64019
156,2.6592
157,1.10363
158,2.63111
159,1.1053
160,2.73349
161,1.78732
162,1.43206
163,2.57552
164,2.73445
165,1.89464
166,1.24923
167,1.79944
168,1.23256
169,1.62168
170,1.64726
171,1.57136
172,1.84451
173,2.68579
174,2.14131
175,1.06101
176,2.3692
177,1.16918
178,2.44884
179,1.59671
180,1.8619
181,2.97816
182,1.96271
183,1.21288
184,2.80146
185,2.18242
186,1.89365
187,2.61791
188,1.26428
189,2.7211
190,1.57994
191,2.08814
192,1.41788
193,2.34145
194,2.72332
195,2.82424
196,1.00819
197,2.64846
198,2.67955
199,1.1736
200,2.61724
201,1.96281
202,2.99812
203,1.36016
204,2.29004
205,2.74064
206,2.02137
207,1.16843
208,1.88033
209,2.69505
210,1.67409
211,2.4756
212,1.46634
213,2.71429
214,1.00548
215,1.11403
216,1.56818
217,2.47185
218,2.375
219,2.6197
220,1.37324
221,2.11355
222,2.41585
223,1.26637
224,1.84674
225,2.16844
226,2.91316
227,1.49607
228,2.43842
229,2.51291
230,2.4249
231,1.24807
232,2.35765
233,2.95152
234,2.21661
235,2.50855
236,1.16621
237,2.57139
238,1.27287
239,1.14355
240,1.68741
241,2.35868
242,2.31841
243,1.46233
244,1.34182
245,1.89926
246,2.79208
247,2.52444
248,2.18191
249,1.42917
250,2.02775
251,2.41774
252,1.00932
253,1.69859
254,2.28352
255,1.06593
256,1.06875
257,2.56433
258,2.67772
259,2.47231
260,2.18191
261,1.40491
262,2.26061
263,2.04124
264,1.19391
265,2.12016
266,1.51004
267,1.22762
268,2.58813
269,2.74547
270,1.12974
271,1.61587
272,1.99116
273,1.41233
274,1.08707
275,2.31018
276,1.12332
277,1.55707
278,1.64566
279,2.6391
280,1.3772
281,2.53895
282,2.13434
283,1.78828
284,1.63803
285,2.29497
286,1.60786
287,1.21901
288,1.97453
289,1.95906
290,1.95482
291,2.64453
292,2.56327
293,2.93467
294,2.99434
295,1.93444
296,2.11192
297,1.11541
298,2.73535
299,1.00312
300,1.42465
301,2.13852
302,2.04893
303,2.39728
304,1.16018
305,1.22709
306,1.66811
307,1.86681
308,1.51983
309,1.71452
310,1.85999
311,2.86931
312,2.45618
313,1.03777
314,1.83773
315,2.67585
316,2.98786
317,1.0232
318,2.93362
319,1.3217
320,1.77041
321,1.28993
322,1.83902
323,2.36422
324,1.45406
325,2.44723
326,2.51
327,1.62788
328,1.71589
329,2.95403
330,2.31149
331,1.1297
332,2.92975
333,2.33635
334,1.00495
335,2.1473
336,1.67201
337,1.40937
338,1.24965
339,2.93366
340,2.08179
341,2.7204
342,1.67882
343,1.93983
344,2.71832
345,2.77024
346,1.42035
347,1.85131
348,2.89481
349,1.08994
350,2.67579
351,2.02954
352,2.48412
353,2.57313
354,2.53034
355,1.48772
356,2.17548
357,1.31985
358,2.73737
359,2.96776
0,1.1715
1,1.44762
2,2.13195
3,1.67119
4,1.66824
5,2.0412
6,2.40043
7,2.02997
8,1.70884
9,2.52534
10,1.449
11,1.34941
12,1.46429
13,2.23769
14,2.84576
15,2.63839
16,1.34544
17,2.76188
18,2.87073
19,2.42907
20,1.38433
21,2.4553
22,2.22574
23,2.05064
24,1.15517
25,2.92119
26,2.40502
27,1.15676
28,1.62194
29,1.98456
30,2.49817
31,2.75802
32,2.0024
33,2.41662
34,2.05248
35,2.02506
36,1.20662
37,1.72399
38,1.05271
39,2.87823
40,2.3374
41,2.64787
42,2.73081
43,2.70499
44,2.73256
45,2.17081
46,2.87573
47,2.38377
48,2.02071
49,2.13213
50,2.65761
51,2.38359
52,2.94246
53,1.95237
54,1.48349
55,1.031
56,1.99818
57,1.36312
58,1.98913
59,1.31829
60,2.49443
61,1.82268
62,1.71902
63,1.50966
64,2.86642
65,1.98931
66,2.29564
67,2.88902
68,1.73298
69,2.1541
70,2.01872
71,2.63384
72,2.98448
73,2.08442
74,2.90351
75,1.21261
76,2.31543
77,1.51148
78,1.4566
79,1.1142
80,2.2804
81,2.62925
82,1.8882
83,2.90562
84,2.79383
85,1.98165
86,1.63351
87,2.47627
88,2.65759
89,2.12214
90,2.79111
91,2.20098
92,1.81718
93,1.40867
94,1.4476
95,1.79067
96,1.8344
97,2.74256
98,2.14354
99,2.55228
100,2.09569
101,2.28131
102,1.9505
103,2.04993
104,1.13099
105,2.47269
106,2.56737
107,1.77087
108,1.08693
109,2.09738
110,2.65525
111,2.73069
112,2.74196
113,2.16146
114,1.73269
115,1.33234
116,2.63975
117,2.23968
118,2.3074
119,2.45159
120,1.90048
121,1.40092
122,1.19429
123,2.43022
124,2.64096
125,2.55227
126,2.0089
127,1.52724
128,2.28748
129,1.61996
130,2.74232
131,2.21532
132,2.84258
133,1.16116
134,1.68979
135,2.35316
136,1.61721
137,2.40313
138,1.33627
139,2.75676
140,2.84316
141,2.9572
142,1.59308
143,2.8668
144,2.22783
145,1.17118
146,1.98103
147,1.09154
148,1.44332
149,1.88949
150,2.65014
151,2.91213
152,2.11826
153,1.56595
154,2.85461
155,1.41627
156,1.28431
157,1.43906
158,2.23888
159,2.77971
160,2.54169
161,2.2356
162,1.65549
163,1.81084
164,2.73167
165,1.1509
166,1.18192
167,2.47452
168,1.28923
169,2.15059
170,2.88684
171,1.08474
172,1.152
173,1.68948
174,1.08979
175,2.087
176,2.22305
177,2.86685
178,1.19979
179,2.84909
180,2.60599
181,2.85142
182,1.80653
183,2.43084
184,1.12103
185,1.12131
186,1.9389
187,1.07669
188,1.97761
189,1.73552
190,2.87065
191,2.94946
192,1.63933
193,2.24672
194,2.5837
195,2.27334
196,2.04516
197,2.94831
198,2.31484
199,1.45405
200,2.19119
201,1.3828
202,2.75537
203,1.43547
204,2.00662
205,1.28066
206,2.11213
207,2.5494
208,1.83373
209,1.46155
210,2.26034
211,1.48481
212,1.20904
213,2.25763
214,1.98973
215,1.46967
216,2.73944
217,1.84036
218,2.88023
219,2.04136
220,1.13407
221,2.33784
222,2.06941
223,2.59532
224,1.58629
225,2.72776
226,1.4901
227,2.17919
228,1.57017
229,1.78124
230,1.25208
231,1.62881
232,1.43262
233,1.98327
234,2.78499
235,1.31703
236,1.30951
237,2.91931
238,2.87416
239,1.97896
240,2.41109
241,1.25037
242,2.91762
243,2.42606
244,2.74669
245,1.60303
246,2.05124
247,1.15528
248,2.80384
249,2.08303
250,1.52822
251,2.82848
252,2.20905
253,1.56836
254,1.43454
255,2.26778
256,2.52563
257,2.29798
258,2.21681
259,1.85376
260,2.09993
261,1.44304
262,1.18146
263,2.77831
264,2.97451
265,2.5449
266,2.10661
267,1.76648
268,1.25694
269,1.42523
270,1.89316
271,2.38039
272,1.26997
273,2.42891
274,2.72199
275,2.45668
276,1.42966
277,2.28337
278,2.52741
279,2.26102
280,2.95565
281,1.67283
282,1.28779
283,1.89399
284,2.29546
285,1.77423
286,1.53483
287,1.81434
288,1.68732
289,2.73209
290,2.29375
291,2.98579
292,2.2503
293,2.75324
294,1.62855
295,1.05367
296,1.01235
297,2.53996
298,1.06442
299,1.64697
300,2.62705
301,2.84685
302,1.0235
303,1.92047
304,1.35877
305,2.90324
306,2.73289
307,1.66395
308,2.09232
309,1.62489
310,1.54071
311,2.66965
312,2.85547
313,1.87064
314,1.79448
315,1.79651
316,1.99452
317,1.93514
318,1.88374
319,1.99639
320,1.32378
321,2.75685
322,2.34732
323,1.46777
324,2.89116
325,1.75295
326,1.82872
327,1.37512
328,1.5799
329,1.4592
330,2.77815
331,2.38655
332,2.68142
333,2.58351
334,1.01006
335,2.04901
336,1.75317
337,1.55583
338,2.82674
339,2.96886
340,1.65963
341,1.32302
342,2.0061
343,2.45673
344,2.25443
345,2.26163
346,1.23869
347,2.64652
348,2.0982
349,2.46772
350,1.03763
351,1.37331
352,1.26789
353,1.45038
354,2.51776
355,1.9893
356,2.13935
357,2.07939
358,2.29469
359,2.91097
0,2.65699
1,2.01889
2,1.50349
3,1.15603
4,1.35428
5,1.39548
6,1.77895
7,2.76653
8,1.07864
9,2.70915
10,2.65155
11,2.51639
12,1.035
13,1.17284
14,1.98329
15,1.14217
16,2.4386
17,1.6252
18,2.79403
19,1.30534
20,2.83831
21,1.43329
22,1.27832
23,2.64699
24,1.94044
25,1.0145
26,2.72741
27,1.6477
28,2.95726
29,2.68594
30,2.54046
31,1.44381
32,2.1583
33,2.53252
34,2.1144
35,2.65944
36,1.20082
37,2.24166
38,1.55873
39,1.58135
40,1.82931
41,1.19361
42,2.99664
43,2.56011
44,1.71465
45,2.19657
46,1.73903
47,1.93633
48,1.95196
49,2.56199
50,1.37885
51,2.25212
52,1.44215
53,2.23417
54,1.75517
55,1.08265
56,2.08664
57,2.20503
58,1.93696
59,2.53213
60,1.49935
61,1.50092
62,1.93677
63,1.22525
64,2.83772
65,1.58413
66,2.49652
67,1.08443
68,2.01272
69,1.82244
70,1.78771
71,1.97407
72,2.2234
73,2.68964
74,2.78802
75,2.18638
76,2.46954
77,1.54499
78,2.56533
79,1.43712
80,1.75492
81,2.93007
82,1.71471
83,1.08834
84,1.68077
85,2.62917
86,2.38259
87,2.19209
88,2.46437
89,2.70387
90,2.00345
91,1.98384
92,2.4025
93,2.84337
94,2.46574
95,1.72043
96,1.22152
97,2.16467
98,1.65817
99,2.94634
100,1.0989
101,1.13816
102,1.10963
103,1.606
104,2.12646
105,1.43902
106,1.66868
107,1.46261
108,2.16034
109,2.82158
110,2.36564
111,1.32036
112,1.24911
113,1.78309
114,2.36297
115,2.4889
116,2.86188
117,1.55138
118,2.07558
119,2.29905
120,2.15112
121,1.85219
122,1.83026
123,1.22795
124,2.0924
125,1.0088
126,2.84163
127,1.33636
128,2.1237
129,2.97016
130,1.47156
131,2.50782
132,2.92695
133,1.2014
134,1.88976
135,1.13474
136,1.64319
137,1.03514
138,1.59534
139,2.87485
140,1.65755
141,2.41394
142,1.0682
143,1.23098
144,1.0254
145,1.83412
146,2.04979
147,2.7704
148,2.04503
149,2.89009
150,1.71808
151,1.83279
152,1.6276
153,1.0581
154,1.55479
155,1.36003
156,2.09019
157,1.83608
158,2.9662
159,2.87205
160,2.5997
161,1.20904
162,2.27928
163,1.82326
164,1.47399
165,1.36571
166,1.47454
167,2.52134
168,2.16677
169,2.87388
170,1.2717
171,1.42996
172,1.36207
173,2.29197
174,1.17791
175,1.11656
176,2.05407
177,2.7209
178,2.18043
179,2.54526
180,2.1565
181,2.31825
182,2.74947
183,2.39831
184,2.42642
185,2.89685
186,1.41693
187,2.35916
188,2.35385
189,1.15094
190,1.90459
191,2.4108
192,2.37347
193,2.98647
194,1.54801
195,1.33808
196,1.15777
197,2.69971
198,1.96131
199,1.75963
200,2.03789
201,2.73582
202,2.87792
203,1.16863
204,1.14645
205,2.30787
206,2.39836
207,1.26596
208,2.95539
209,1.19984
210,1.75881
211,2.29541
212,2.90286
213,2.38057
214,2.22898
215,2.49893
216,1.49341
217,1.81586
218,1.13231
219,2.81045
220,1.25
221,2.7909
222,2.69937
223,2.23232
224,2.52025
225,1.87477
226,1.33545
227,2.86693
228,2.41673
229,1.92284
230,1.18875
231,1.27773
232,2.84981
233,2.83264
234,2.18249
235,1.15387
236,1.09564
237,2.34447
238,1.48265
239,2.82604
240,1.33424
241,2.63607
242,2.49589
243,2.38918
244,2.94373
245,1.27971
246,2.11152
247,2.38151
248,2.04398
249,1.11664
250,1.34734
251,2.81424
252,2.9375
253,2.64496
254,1.81141
255,2.44795
256,2.68412
257,2.07732
258,1.4403
259,1.15914
260,1.60123
261,1.83698
262,2.05343
263,2.05392
264,2.22593
265,1.24895
266,1.1246
267,1.08095
268,1.45063
269,2.75046
270,1.04511
271,1.14333
272,1.99564
273,2.66863
274,1.73187
275,1.6086
276,1.70826
277,2.66147
278,1.37617
279,1.24884
280,1.27432
281,1.44322
282,2.26278
283,2.52087
284,2.34591
285,1.68834
286,1.89565
287,2.18773
288,1.19279
289,1.25291
290,1.6811
291,2.32045
292,1.8729
293,1.84876
294,2.08841
295,1.84232
296,1.80999
297,2.54648
298,2.75142
299,1.11391
300,1.53151
301,2.13017
302,1.69079
303,1.17857
304,2.28952
305,1.92657
306,1.90129
307,2.94337
308,1.18446
309,1.16674
310,1.40053
311,2.73473
312,2.66447
313,1.74344
314,1.99669
315,2.30736
316,1.81113
317,1.63713
318,1.19498
319,2.01939
320,1.95611
321,2.3349
322,2.70315
323,1.79366
324,1.98516
325,2.62903
326,2.11096
327,2.82293
328,2.99718
329,1.66848
330,2.18172
331,2.20417
332,1.51447
333,1.64384
334,1.96676
335,1.36861
336,2.20952
337,1.48501
338,2.6426
339,2.25297
340,1.64548
341,1.53825
342,1.31631
343,1.17666
344,2.20017
345,2.21221
346,2.69465
347,2.93576
348,1.33384
349,1.90724
350,1.041
351,2.13495
352,2.07171
353,1.18861
354,2.88565
355,1.1141
356,2.59954
357,2.52157
358,2.04436
359,1.53409
0,1.43979
1,2.55512
2,1.95538
3,2.05876
4,1.5271
5,1.99826
6,2.81693
7,2.18558
8,1.05173
9,2.42563
10,1.59916
11,1.13955
12,2.42348
13,1.4185
14,2.73106
15,2.97861
16,1.46793
17,1.47942
18,2.61487
19,2.06483
20,1.56024
21,1.03299
22,1.45171
23,2.90318
24,1.73706
25,2.79579
26,2.87112
27,2.9821
28,2.23742
29,2.30278
30,2.8985
31,1.12406
32,2.1198
33,1.47243
34,1.19018
35,1.39596
36,1.8531
37,1.04105
38,2.86534
39,1.70425
40,1.29969
41,1.95056
42,1.08376
43,2.74665
44,2.91333
45,2.4152
46,2.19187
47,2.71961
48,2.503
49,1.96889
50,1.06872
51,1.93474
52,1.25189
53,2.55778
54,2.5307
55,1.47726
56,2.30782
57,1.58414
58,2.60063
59,2.80009
60,1.07472
61,2.7865
62,2.6575
63,2.56917
64,2.01089
65,2.9481
66,2.78881
67,1.47128
68,1.81417
69,2.82157
70,2.06636
71,1.31534
72,2.90159
73,1.00204
74,1.34381
75,1.48961
76,1.87575
77,1.76461
78,1.78102
79,1.64271
80,1.03168
81,1.37013
82,1.71543
83,1.19044
84,1.71948
85,1.2734
86,2.08919
87,2.95771
88,2.30921
89,2.923
90,2.8079
91,2.3193
92,2.46012
93,1.30984
94,2.46786
95,1.37829
96,2.90576
97,1.17402
98,1.77993
99,1.34652
100,2.98899
101,1.9609
102,2.86572
103,2.18797
104,1.25413
105,2.15731
106,1.95095
107,1.63341
108,2.77541
109,2.33932
110,2.9511
111,1.10984
112,1.09387
113,2.73097
114,1.48449
115,1.85187
116,2.37857
117,2.63548
118,2.53707
119,2.4999
120,1.8394
121,2.74634
122,1.78493
123,1.38568
124,1.18118
125,2.13037
126,1.04981
127,2.14494
128,2.04896
129,2.89399
130,1.33745
131,2.47447
132,2.35738
133,2.4723
134,1.98355
135,1.44813
136,2.68811
137,1.095
138,1.67551
139,2.38062
140,1.1172
141,2.72251
142,1.14143
143,2.01933
144,2.88609
145,2.48851
146,2.3435
147,1.14762
148,2.04846
149,2.52908
150,2.17103
151,2.43884
152,1.59258
153,2.45575
154,1.77769
155,1.59778
156,1.93235
157,2.94489
158,2.69202
159,2.75818
160,2.66573
161,2.989
162,2.05483
163,1.58226
164,2.96305
165,1.97301
166,2.4297
167,1.89911
168,2.2629
169,2.50974
170,1.25478
171,1.13524
172,1.90177
173,1.12917
174,1.97706
175,2.41896
176,1.49841
177,1.84029
178,1.77039
179,2.9307
180,2.25454
181,2.07993
182,1.41301
183,2.43103
184,2.28335
185,2.27999
186,1.82539
187,1.249
188,1.90756
189,2.38435
190,1.71827
191,1.02696
192,2.14507
193,2.25825
194,2.43313
195,1.65264
196,1.90291
197,2.15529
198,2.02309
199,2.11417
200,2.81132
201,1.91192
202,1.68321
203,1.70997
204,1.38946
205,2.66282
206,2.01444
207,2.71946
208,2.02751
209,2.30342
210,1.5941
211,1.98072
212,1.90916
213,1.32922
214,2.2245
215,1.20959
216,1.49606
217,2.35177
218,2.12652
219,2.36277
220,1.07381
221,1.55879
222,2.63541
223,1.33862
224,2.1184
225,1.99641
226,1.65164
227,1.13787
228,2.16548
229,1.2391
230,1.57627
231,2.39118
232,2.62179
233,2.37584
234,2.66494
235,1.614
236,2.44718
237,1.7772
238,1.4817
239,2.87836
240,2.62487
241,2.24951
242,1.54317
243,2.04825
244,2.87518
245,1.12388
246,2.98207
247,1.60549
248,1.41562
249,2.30237
250,1.87781
251,2.36198
252,1.83189
253,2.61969
254,1.14326
255,2.74411
256,2.19786
257,1.37359
258,1.9487
259,1.83379
260,2.46007
261,2.3775
262,2.63424
263,1.62747
264,2.83285
265,1.67856
266,1.60998
267,1.01548
268,1.193
269,2.73867
270,2.77041
271,2.35249
272,2.22056
273,2.91756
274,1.44457
275,2.85575
276,2.65078
277,1.65549
278,1.88157
279,1.5702
280,2.3118
281,2.46181
282,1.62481
283,2.24236
284,1.33983
285,2.46615
286,2.56565
287,2.90639
288,1.78126
289,1.57496
290,2.3518
291,2.68579
292,2.05311
293,2.63014
294,2.69722
295,2.1822
296,2.16207
297,1.92668
298,1.66908
299,2.1728
300,2.29221
301,1.22394
302,2.73305
303,2.3599
304,2.9142
305,2.99023
306,2.75165
307,2.99992
308,1.72638
309,1.32958
310,2.3235
311,1.02943
312,1.65639
313,2.89577
314,1.24142
315,2.62917
316,2.37869
317,2.68627
318,2.17292
319,2.29611
320,2.68537
321,2.94217
322,2.97428
323,2.76874
324,2.17613
325,2.24337
326,2.23749
327,1.49532
328,1.83743
329,1.72943
330,2.475
331,1.34747
332,2.87724
333,1.77231
334,1.18547
335,2.15159
336,1.76066
337,1.4498
338,2.84997
339,1.46421
340,2.97453
341,2.90983
342,1.45059
343,2.13144
344,1.19529
345,1.29598
346,1.5221
347,1.97676
348,1.37399
349,2.66172
350,1.58234
351,2.39155
352,2.77626
353,2.53552
354,2.55578
355,1.07014
356,1.81627
357,2.02631
358,2.23882
359,1.79895
0,1.01531
1,2.31025
2,2.37286
3,2.61725
4,2.08019
5,1.80186
6,1.92879
7,1.12472
8,1.18367
9,1.97125
10,2.74359
11,1.49335
12,2.78254
13,2.19815
14,2.23976
15,1.67308
16,1.53255
17,1.51799
18,2.93164
19,2.01168
20,2.37031
21,1.8324
22,1.08763
23,1.87312
24,1.56819
25,2.63299
26,2.73806
27,2.53329
28,2.97946
29,1.79097
30,2.7855
31,1.91502
32,1.67126
33,2.88143
34,2.23989
35,1.80384
36,1.22152
37,2.08938
38,2.26465
39,2.02314
40,2.88463
41,1.91734
42,2.72226
43,1.0368
44,1.44789
45,2.6076
46,1.92302
47,2.17263
48,1.37484
49,2.93495
50,1.78194
51,1.01943
52,1.53325
53,1.32601
54,2.30642
55,2.03033
56,1.83955
57,1.33631
58,1.32209
59,2.34375
60,1.35204
61,1.72671
62,2.77542
63,2.5257
64,1.39199
65,1.09498
66,1.38812
67,2.04997
68,1.77855
69,2.17236
70,2.86294
71,1.40009
72,1.31369
73,1.21837
74,1.22088
75,1.3551
76,1.08517
77,2.52106
78,1.46159
79,2.8818
80,2.37442
81,2.80525
82,1.83001
83,2.90499
84,2.14282
85,2.36424
86,1.77206
87,1.09063
88,2.26545
89,1.50004
90,1.11428
91,1.70368
92,1.82833
93,2.76088
94,2.10131
95,2.7781
96,1.46136
97,1.07333
98,1.45595
99,2.14336
100,1.50281
101,1.71192
102,2.22357
103,1.5131
104,2.62354
105,1.87362
106,2.00843
107,1.71909
108,2.7193
109,1.34696
110,2.34791
111,1.26003
112,1.39323
113,2.06482
114,1.36999
115,1.34936
116,2.68633
117,1.11847
118,2.16552
119,1.89797
120,1.2165
121,1.78084
122,2.54179
123,1.91848
124,1.963
125,2.11206
126,1.35224
127,1.02443
128,1.53783
129,2.38426
130,2.21157
131,1.89814
132,2.03087
133,2.76945
134,2.21565
135,2.50592
136,1.06157
137,1.83546
138,2.59623
139,2.77661
140,2.52537
141,1.94964
142,1.55864
143,2.02554
144,1.16933
145,2.9004
146,1.01962
147,2.69545
148,2.38009
149,2.10322
150,2.86424
151,1.24522
152,2.48179
153,1.417
154,1.55941
155,2.98904
156,2.78316
157,2.48882
158,1.59433
159,1.95429
160,1.74881
161,2.24098
162,2.23488
163,1.6603
164,2.57831
165,1.65613
166,2.60511
167,2.01676
168,1.61217
169,1.69957
170,2.63817
171,1.74028
172,2.93207
173,1.32391
174,2.915
175,2.41856
176,2.65779
177,1.49964
178,2.44974
179,2.70019
180,2.11622
181,1.24104
182,2.1603
183,2.08298
184,2.61842
185,1.82368
186,2.60156
187,2.40782
188,2.30872
189,2.70028
190,1.68309
191,1.63238
192,1.36822
193,1.67399
194,2.75042
195,2.32862
196,1.1219
197,1.8396
198,2.16636
199,1.95682
200,2.33301
201,2.86773
202,1.95437
203,1.14881
204,1.9836
205,2.42613
206,1.91319
207,1.04727
208,1.5133
209,2.04014
210,2.69504
211,1.51184
212,1.43418
213,2.2568
214,1.97975
215,1.67511
216,1.65218
217,2.2392
218,2.24854
219,1.20191
220,2.56659
221,2.60817
222,1.57332
223,2.8423
224,2.51737
225,1.48012
226,2.42403
227,2.64413
228,1.89727
229,1.46515
230,2.73964
231,1.10567
232,1.0762
233,1.69389
234,1.14211
235,1.48463
236,2.22113
237,2.5501
238,1.52346
239,2.7742
240,2.06015
241,2.91596
242,2.46892
243,1.14294
244,1.42803
245,2.89218
246,2.94728
247,2.92929
248,2.62224
249,1.99484
250,1.22785
251,2.41758
252,2.18521
253,2.81389
254,1.12542
255,1.00042
256,2.1422
257,2.01778
258,2.81614
259,2.85469
260,2.79105
261,1.21218
262,1.06995
263,2.72105
264,2.67263
265,2.91236
266,2.09288
267,1.03165
268,1.01749
269,2.88577
270,1.12583
271,1.86183
272,1.84722
273,2.22617
274,1.2214
275,2.0228
276,1.18554
277,1.41539
278,2.48269
279,2.59723
280,1.67327
281,2.71771
282,2.50394
283,1.67445
284,2.52507
285,2.91506
286,1.40413
287,1.21145
288,2.87786
289,2.26085
290,2.0784
291,1.64655
292,1.56956
293,1.59409
294,1.87937
295,2.49481
296,2.2403
297,2.70529
298,1.87386
299,1.9746
300,1.12399
301,2.82843
302,1.47431
303,2.80081
304,1.20689
305,2.19339
306,2.33738
307,2.40957
308,1.66824
309,2.03414
310,1.75335
311,2.47397
312,2.00642
313,1.9693
314,1.94781
315,2.91516
316,1.12831
317,1.51233
318,1.75276
319,2.71951
320,2.83187
321,1.23114
322,1.68669
323,2.20668
324,1.59476
325,1.07856
326,1.28198
327,2.20973
328,2.86347
329,2.34884
330,2.93603
331,1.89983
332,2.36822
333,2.74202
334,1.20841
335,1.80569
336,2.1675
337,1.1852
338,1.57856
339,2.91567
340,1.70399
341,2.99139
342,2.23972
343,2.93237
344,2.27013
345,2.00788
346,2.44855
347,2.78927
348,1.19708
349,1.34174
350,2.61537
351,2.54409
352,2.49375
353,2.46237
354,1.09494
355,2.64907
356,2.93663
357,1.96798
358,1.8404
359,1.65271
0,1.08413
1,2.89058
2,2.02316
3,1.26128
4,2.30493
5,2.984
6,2.03305
7,1.40395
8,2.2374
9,1.99222
10,1.21599
11,1.19367
12,1.96526
13,2.20292
14,2.45175
15,2.5715
16,1.1434
17,1.20107
18,2.38184
19,1.57481
20,1.81922
21,1.5837
22,1.19327
23,1.28205
24,1.35026
25,1.86534
26,2.71244
27,2.01976
28,2.06933
29,1.29045
30,2.55395
31,2.1636
32,1.67091
33,2.96323
34,2.94295
35,2.12646
36,1.49556
37,1.89766
38,1.95546
39,1.44889
40,1.53211
41,2.1268
42,1.17067
43,1.36782
44,1.02032
45,2.58445
46,2.9079
47,1.12575
48,2.44504
49,1.82451
50,2.5059
51,2.70532
52,2.23534
53,1.44196
54,1.02261
55,2.96073
56,2.92748
57,2.08771
58,2.10362
59,1.59693
60,1.67978
61,2.00505
62,2.86219
63,2.83753
64,2.38075
65,1.29061
66,1.29242
67,1.76183
68,2.99557
69,2.47899
70,2.33039
71,2.8216
72,2.59495
73,1.37755
74,2.48505
75,2.23195
76,2.44303
77,1.99305
78,1.26913
79,2.28759
80,1.46027
81,2.8009
82,2.76199
83,2.7519
84,1.1149
85,2.19078
86,2.51831
87,1.22446
88,1.51859
89,2.89321
90,2.20226
91,1.44772
92,1.81061
93,2.94829
94,1.94258
95,2.99069
96,2.57965
97,2.14793
98,2.21449
99,2.86074
100,2.3765
101,1.75927
102,2.05788
103,2.8165
104,2.94091
105,1.94123
106,2.22461
107,1.09695
108,2.35983
109,1.59763
110,1.44043
111,1.31314
112,1.95743
113,2.55617
114,1.57734
115,2.38407
116,1.04903
117,1.0564
118,2.98743
119,1.75495
120,1.36822
121,1.72624
122,2.89669
123,2.74975
124,1.07018
125,2.59368
126,1.93788
127,2.02668
128,2.43386
129,1.85054
130,1.96415
131,1.40868
132,1.6073
133,1.95078
134,2.7166
135,1.95715
136,1.79179
137,2.63343
138,2.08813
139,1.19472
140,1.67296
141,1.39316
142,2.87438
143,1.68318
144,1.24622
145,1.24936
146,2.02506
147,1.15952
148,2.12958
149,1.81988
150,2.72173
151,2.14416
152,2.95149
153,1.61631
154,1.29712
155,2.72679
156,1.18897
157,2.96023
158,2.53604
159,1.27126
160,2.07717
161,2.92549
162,2.64782
163,1.96547
164,1.62469
165,2.0881
166,2.77441
167,1.56758
168,2.36494
169,1.52769
170,1.95146
171,2.26208
172,2.76529
173,2.2743
174,2.22535
175,1.38229
176,2.22431
177,1.98489
178,1.98122
179,2.29086
180,2.51266
181,2.27794
182,1.32027
183,1.76557
184,2.00612
185,2.84052
186,2.60449
187,1.63542
188,2.52386
189,2.48631
190,1.41878
191,1.44161
192,1.20561
193,2.71046
194,2.73812
195,1.62525
196,1.65781
197,2.86794
198,1.48651
199,1.73105
200,1.73277
201,2.73447
202,2.16064
203,1.95557
204,1.31313
205,1.83324
206,1.31455
207,1.63209
208,2.52378
209,1.09851
210,2.61204
211,2.48346
212,1.52962
213,2.29286
214,2.01937
215,1.48573
216,2.65076
217,1.31207
218,2.00343
219,1.60866
220,2.74401
221,2.63543
222,1.69572
223,1.9246
224,2.75605
225,2.93986
226,2.24138
227,2.83523
228,1.79085
229,2.81557
230,1.32759
231,2.78924
232,2.80863
233,2.59516
234,2.90081
235,1.90344
236,1.12469
237,2.64212
238,2.08246
239,1.87771
240,2.73882
241,1.42078
242,1.09829
243,2.9405
244,2.95014
245,2.93845
246,2.50837
247,2.12188
248,2.4764
249,2.89222
250,1.58064
251,1.75634
252,2.73854
253,2.71541
254,1.9493
255,1.90869
256,1.31782
257,2.61997
258,1.86636
259,1.95772
260,1.43133
261,2.30711
262,1.51774
263,2.63731
264,1.22733
265,1.73002
266,2.50501
267,1.70447
268,2.96758
269,2.18728
270,1.56285
271,2.80017
272,2.54129
273,1.38954
274,2.02761
275,2.10009
276,2.19797
277,1.27211
278,2.38535
279,2.57285
280,1.80907
281,1.05395
282,1.75366
283,1.71047
284,1.83587
285,1.40069
286,1.41268
287,2.94944
288,1.21654
289,2.31233
290,1.27299
291,1.07591
292,2.89346
293,2.33515
294,2.87058
295,1.82431
296,1.24076
297,1.40318
298,1.20614
299,1.52422
300,1.59669
301,1.62611
302,2.00768
303,1.08556
304,1.0017
305,1.59013
306,1.38005
307,2.53346
308,1.78172
309,1.42216
310,2.29353
311,1.42935
312,1.11169
313,2.09393
314,2.7529
315,2.03118
316,2.01682
317,2.61955
318,2.71751
319,1.13282
320,1.35066
321,2.5998
322,2.87454
323,2.30982
324,1.16945
325,2.97397
326,1.43043
327,1.30314
328,1.89794
329,2.65171
330,1.22482
331,1.52811
332,2.97306
333,2.28254
334,2.70342
335,2.33046
336,2.07327
337,1.43341
338,1.33673
339,2.40065
340,1.69623
341,2.5857
342,1.83853
343,2.1033
344,2.16177
345,2.89512
346,2.28816
347,1.02237
348,1.0397
349,2.23254
350,2.31008
351,1.47023
352,2.14546
353,2.68951
354,2.55824
355,2.28131
356,1.97961
357,1.3705
358,1.98278
359,2.65118
0,2.46149
1,2.29905
2,2.09291
3,1.47413
4,1.63788
5,1.78826
6,1.36969
7,2.39037
8,2.92378
9,1.94059
10,1.51703
11,2.7244
12,2.98311
13,1.08884
14,2.2067
15,2.05404
16,2.24212
17,1.22471
18,1.63407
19,1.77603
20,1.74973
21,1.70229
22,2.39687
23,2.1985
24,2.25993
25,2.64433
26,1.23606
27,2.53787
28,2.01493
29,2.92115
30,1.84182
31,1.43445
32,2.75175
33,2.60377
34,1.50223
35,2.01705
36,2.57773
37,1.95386
38,2.52452
39,1.65488
40,1.63012
41,1.48302
42,1.12447
43,1.00001
44,1.13122
45,2.36256
46,1.47883
47,2.72811
48,1.3755
49,2.06972
50,1.75004
51,2.84584
52,2.08354
53,2.06109
54,2.79583
55,1.53489
56,2.96499
57,2.636
58,1.33777
59,1.95344
60,1.49057
61,2.06779
62,1.3468
63,1.67695
64,2.56985
65,1.4313
66,1.78239
67,2.69827
68,1.83409
69,1.48788
70,2.88336
71,2.60532
72,1.64522
73,1.16151
74,1.43904
75,2.01233
76,1.28689
77,2.79004
78,2.14888
79,2.17504
80,1.81823
81,2.97821
82,2.73281
83,2.26815
84,2.85396
85,2.4381
86,1.12428
87,1.76393
88,2.36042
89,1.65151
90,2.98768
91,1.99972
92,1.2553
93,1.87363
94,2.05145
95,2.65077
96,1.52615
97,2.08808
98,2.43664
99,2.65972
100,1.95044
101,1.1053
102,2.78303
103,2.42152
104,2.41375
105,1.83085
106,1.15106
107,1.90629
108,1.04165
109,1.0131
110,1.17881
111,2.22772
112,1.21541
113,1.47699
114,1.85515
115,1.52725
116,2.55346
117,2.06323
118,2.7448
119,1.8987
120,1.46991
121,2.70807
122,2.54812
123,2.24943
124,2.18486
125,2.87589
126,1.03788
127,1.64158
128,2.03141
129,1.92494
130,2.54021
131,1.25757
132,1.9108
133,2.80173
134,2.74533
135,2.79182
136,2.12165
137,2.54689
138,1.61032
139,2.72684
140,1.9462
141,1.76738
142,2.37339
143,1.50612
144,1.43845
145,2.1026
146,2.40262
147,2.84228
148,2.26914
149,1.36456
150,2.13442
151,1.17925
152,1.58604
153,2.51768
154,2.5785
155,2.87459
156,1.1528
157,1.10461
158,1.22322
159,2.63614
160,1.66228
161,1.9919
162,1.82732
163,1.74347
164,2.54398
165,2.74489
166,1.29131
167,1.04085
168,1.60789
169,1.83529
170,1.78612
171,1.34455
172,1.90081
173,2.86787
174,2.28544
175,1.41593
176,1.51761
177,2.45062
178,1.56932
179,1.603
180,1.65815
181,2.53833
182,1.77092
183,1.92151
184,2.76096
185,1.38438
186,1.34616
187,2.90909
188,1.09326
189,2.38239
190,2.75029
191,2.09128
192,2.15133
193,1.43493
194,2.93584
195,2.72113
196,2.03249
197,2.1292
198,1.54003
199,1.32668
200,1.45606
201,1.92023
202,1.31608
203,1.32185
204,2.31492
205,2.85561
206,2.24137
207,2.69511
208,2.73829
209,2.45788
210,1.65563
211,2.12462
212,2.56335
213,2.30835
214,2.50692
215,1.78059
216,2.38308
217,2.42092
218,2.45173
219,2.27416
220,1.75976
221,2.24367
222,1.34603
223,2.68193
224,1.12181
225,2.26464
226,1.76495
227,1.453
228,2.49776
229,1.85441
230,1.04563
231,1.98433
232,2.60571
233,2.17601
234,2.1842
235,1.8562
236,1.20142
237,2.23582
238,1.47266
239,2.99932
240,1.62667
241,1.49704
242,2.81215
243,1.87639
244,2.45399
245,2.19667
246,1.48145
247,2.72026
248,1.38726
249,1.67546
250,1.47998
251,2.01161
252,1.17324
253,2.60155
254,2.23118
255,1.50084
256,2.68816
257,1.94961
258,1.07583
259,1.45938
260,1.877
261,2.77376
262,2.60874
263,1.10324
264,2.19771
265,2.93884
266,1.06896
267,2.04047
268,2.23863
269,2.62101
270,1.30721
271,2.23554
272,2.73489
273,1.28389
274,2.38883
275,1.05318
276,2.83731
277,2.74335
278,1.52512
279,2.65167
280,2.60921
281,1.02877
282,2.56963
283,1.78047
284,2.29806
285,1.43878
286,1.63785
287,1.29251
288,1.24004
289,1.32684
290,2.18982
291,2.3327
292,1.76633
293,2.73023
294,2.97648
295,1.73731
296,1.0199
297,1.49844
298,2.33144
299,2.55582
300,1.6983
301,1.30222
302,2.42068
303,2.41571
304,2.76296
305,1.11752
306,2.20524
307,1.41276
308,2.30537
309,2.40141
310,2.44561
311,1.32564
312,2.06533
313,2.01041
314,2.909
315,1.54051
316,1.28522
317,2.65436
318,1.90511
319,1.13143
320,1.93237
321,1.28399
322,1.9613
323,1.62558
324,1.05865
325,2.72786
326,1.11846
327,1.93139
328,2.8135
329,2.52769
330,2.80349
331,2.27712
332,1.53547
333,2.57626
334,1.19519
335,1.52096
336,2.75175
337,2.68968
338,1.52407
339,1.05228
340,1.63888
341,2.67259
342,2.25847
343,2.11068
344,2.20698
345,2.79896
346,2.18308
347,1.08581
348,1.28415
349,2.70013
350,1.01146
351,1.62994
352,2.42422
353,1.94766
354,2.26072
355,1.98286
356,1.87762
357,1.22212
358,2.18667
359,1.32048
0,1.29683
1,1.85613
2,1.96189
3,1.54401
4,2.21294
5,2.90873
6,1.01715
7,1.17903
8,1.97993
9,2.64026
10,2.84783
11,1.4052
12,1.18942
13,2.59408
14,2.75767
15,2.21374
16,2.33314
17,1.15439
18,1.87609
19,1.37821
20,1.62725
21,1.16095
22,2.0945
23,2.26097
24,2.13309
25,2.78822
26,1.65722
27,2.84783
28,1.39327
29,2.72583
30,1.05157
31,1.77487
32,2.27647
33,2.63934
34,1.4584
35,1.28626
36,2.13049
37,1.15527
38,2.70378
39,2.50395
40,1.86978
41,1.44519
42,1.31269
43,2.39412
44,2.01616
45,1.66124
46,2.40038
47,1.184
48,1.52625
49,1.63486
50,1.03894
51,1.47318
52,1.72792
53,1.09103
54,1.00078
55,2.13129
56,2.52093
57,1.25532
58,2.11624
59,1.72288
60,2.41576
61,1.68024
62,1.87244
63,2.17142
64,1.04282
65,2.75667
66,1.29388
67,2.26281
68,2.98592
69,2.32128
70,1.75658
71,2.88649
72,1.21698
73,1.74764
74,2.64401
75,1.82258
76,2.11289
77,1.32478
78,1.5422
79,1.80923
80,1.80318
81,2.0848
82,1.23684
83,1.53691
84,2.81031
85,2.95774
86,2.68813
87,1.45655
88,2.19518
89,2.32409
90,2.91869
91,2.4378
92,2.18
93,1.29242
94,1.72055
95,1.26527
96,1.41652
97,1.40959
98,1.00719
99,1.8042
100,1.26424
101,2.15253
102,1.62271
103,2.8727
104,1.4031
105,1.86718
106,1.77635
107,1.12696
108,2.84424
109,1.12317
110,1.11004
111,2.51467
112,2.05664
113,1.99235
114,1.40343
115,1.4793
116,2.6304
117,1.08019
118,2.76354
119,2.78824
120,1.92546
121,1.17398
122,1.01009
123,2.50045
124,1.11587
125,2.38202
126,2.68365
127,2.04865
128,1.66341
129,2.95057
130,2.28069
131,1.63201
132,1.21006
133,1.42847
134,2.21386
135,2.38962
136,2.28668
137,2.24176
138,1.20418
139,2.61209
140,1.31467
141,1.63195
142,2.1117
143,1.41528
144,2.56295
145,1.4301
146,1.73258
147,1.50955
148,2.96274
149,2.73772
150,2.85707
151,2.83093
152,1.43015
153,2.52162
154,2.88627
155,1.58011
156,2.92672
157,1.38441
158,1.85818
159,2.37427
160,2.30465
161,2.19132
162,1.44849
163,2.83917
164,1.90421
165,2.12244
166,1.86531
167,2.19977
168,1.50541
169,1.3871
170,2.95491
171,1.10329
172,1.02314
173,1.96628
174,1.25108
175,2.95259
176,2.13362
177,1.80847
178,1.00879
179,2.7395
180,2.76822
181,1.47424
182,1.58594
183,2.85911
184,1.09044
185,2.99471
186,2.01684
187,1.07166
188,1.39245
189,2.94108
190,2.65148
191,1.49757
192,1.70881
193,1.98321
194,1.82642
195,2.56874
196,2.76965
197,1.45115
198,1.54292
199,1.85782
200,2.3865
201,1.89984
202,2.69383
203,1.24016
204,1.41224
205,1.48577
206,1.41565
207,2.76318
208,2.82278
209,2.40335
210,1.15166
211,1.95463
212,1.46015
213,2.73111
214,1.75239
215,2.34597
216,2.66641
217,2.43611
218,1.69606
219,1.61708
220,2.24011
221,1.44854
222,1.58023
223,2.9543
224,2.87919
225,2.529
226,2.86394
227,2.31284
228,1.94772
229,1.29722
230,2.32137
231,1.22407
232,1.01099
233,1.74852
234,1.39928
235,1.69763
236,1.98377
237,1.2607
238,2.53238
239,1.69408
240,2.33538
241,2.74372
242,1.77106
243,2.22503
244,2.01506
245,1.18766
246,2.92219
247,1.22454
248,2.91265
249,2.93019
250,1.64467
251,2.04382
252,2.44201
253,2.8344
254,1.7178
255,1.08952
256,1.57264
257,1.38532
258,1.13854
259,1.38259
260,1.24781
261,1.88189
262,2.85816
263,1.13374
264,2.7538
265,1.17295
266,1.75399
267,1.30366
268,2.63154
269,2.30025
270,2.31596
271,2.38333
272,2.58864
273,1.21775
274,2.73154
275,1.04531
276,2.51847
277,1.92985
278,2.97504
279,1.51857
280,2.54527
281,2.29528
282,2.7463
283,1.14305
284,1.18245
285,1.45508
286,1.48115
287,1.61207
288,1.98832
289,1.63772
290,1.12537
291,2.16343
292,2.70191
293,1.05099
294,2.01913
295,1.52972
296,1.98191
297,1.97865
298,1.20394
299,2.68763
300,1.00618
301,2.89918
302,2.58955
303,2.61175
304,1.66855
305,1.37775
306,1.80896
307,1.1198
308,2.557
309,1.45598
310,2.71146
311,1.56777
312,1.59105
313,2.71934
314,2.02133
315,2.43296
316,2.74823
317,1.4405
318,2.4866
319,2.20723
320,2.99576
321,1.74352
322,1.37258
323,2.91359
324,2.73798
325,1.24762
326,2.74085
327,1.48227
328,2.49373
329,2.10986
330,2.36989
331,2.67415
332,2.41739
333,1.06607
334,1.48073
335,2.66911
336,1.65955
337,2.02187
338,1.58574
339,1.5607
340,2.7527
341,2.64288
342,2.83604
343,1.38499
344,1.48129
345,2.08166
346,2.47429
347,1.38593
348,1.2572
349,1.79966
350,2.83524
351,1.88555
352,2.42281
353,2.15199
354,2.45584
355,1.2922
356,2.00132
357,2.14067
358,2.16651
359,2.6112
